"Series";"Time";"Value"
"TEL.NAOMI.FLUX_AT1";"2023-10-21T00:44:45-03:00";4,479.35
"TEL.NAOMI.FLUX_AT1";"2023-10-21T00:45:15-03:00";4,528.987
"TEL.NAOMI.FLUX_AT1";"2023-10-21T00:45:45-03:00";4,549.719
"TEL.NAOMI.FLUX_AT1";"2023-10-21T00:46:15-03:00";4,557.611
"TEL.NAOMI.FLUX_AT1";"2023-10-21T00:46:45-03:00";4,485.75
"TEL.NAOMI.FLUX_AT1";"2023-10-21T00:47:15-03:00";4,304.16
"TEL.NAOMI.FLUX_AT1";"2023-10-21T00:47:45-03:00";4,469.133
"TEL.NAOMI.FLUX_AT1";"2023-10-21T00:48:15-03:00";4,521.441
"TEL.NAOMI.FLUX_AT1";"2023-10-21T00:48:45-03:00";4,460.796
"TEL.NAOMI.FLUX_AT1";"2023-10-21T00:49:15-03:00";4,449.655
"TEL.NAOMI.FLUX_AT1";"2023-10-21T00:49:45-03:00";4,588.917
"TEL.NAOMI.FLUX_AT1";"2023-10-21T00:50:15-03:00";4,544.138
"TEL.NAOMI.FLUX_AT1";"2023-10-21T00:50:45-03:00";4,360.38
"TEL.NAOMI.FLUX_AT1";"2023-10-21T00:51:15-03:00";4,501.755
"TEL.NAOMI.FLUX_AT1";"2023-10-21T00:51:45-03:00";4,512.918
"TEL.NAOMI.FLUX_AT1";"2023-10-21T00:52:15-03:00";4,387.24
"TEL.NAOMI.FLUX_AT1";"2023-10-21T00:52:45-03:00";4,499.103
"TEL.NAOMI.FLUX_AT1";"2023-10-21T00:53:15-03:00";4,501.454
"TEL.NAOMI.FLUX_AT1";"2023-10-21T00:53:45-03:00";4,524.246
"TEL.NAOMI.FLUX_AT1";"2023-10-21T00:54:16-03:00";4,512.973
"TEL.NAOMI.FLUX_AT1";"2023-10-21T00:54:46-03:00";4,478.233
"TEL.NAOMI.FLUX_AT1";"2023-10-21T00:55:16-03:00";4,556.986
"TEL.NAOMI.FLUX_AT1";"2023-10-21T00:55:46-03:00";4,523.142
"TEL.NAOMI.FLUX_AT1";"2023-10-21T00:56:16-03:00";4,468.429
"TEL.NAOMI.FLUX_AT1";"2023-10-21T00:56:46-03:00";4,446.836
"TEL.NAOMI.FLUX_AT1";"2023-10-21T00:57:16-03:00";4,477.703
"TEL.NAOMI.FLUX_AT1";"2023-10-21T00:57:46-03:00";4,441.094
"TEL.NAOMI.FLUX_AT1";"2023-10-21T00:58:16-03:00";4,394.288
"TEL.NAOMI.FLUX_AT1";"2023-10-21T00:58:46-03:00";4,476.07
"TEL.NAOMI.FLUX_AT1";"2023-10-21T00:59:16-03:00";4,395.199
"TEL.NAOMI.FLUX_AT1";"2023-10-21T00:59:46-03:00";4,452.146
"TEL.NAOMI.FLUX_AT1";"2023-10-21T01:00:16-03:00";4,481.798
"TEL.NAOMI.FLUX_AT1";"2023-10-21T01:00:46-03:00";4,486.499
"TEL.NAOMI.FLUX_AT1";"2023-10-21T01:01:16-03:00";4,452.872
"TEL.NAOMI.FLUX_AT1";"2023-10-21T01:01:46-03:00";4,553.337
"TEL.NAOMI.FLUX_AT1";"2023-10-21T01:02:16-03:00";4,456.984
"TEL.NAOMI.FLUX_AT1";"2023-10-21T01:02:46-03:00";4,353.078
"TEL.NAOMI.FLUX_AT1";"2023-10-21T01:03:16-03:00";4,427.935
"TEL.NAOMI.FLUX_AT1";"2023-10-21T01:03:46-03:00";4,438.482
"TEL.NAOMI.FLUX_AT1";"2023-10-21T01:04:16-03:00";4,455.159
"TEL.NAOMI.FLUX_AT1";"2023-10-21T01:04:46-03:00";4,530.47
"TEL.NAOMI.FLUX_AT1";"2023-10-21T01:05:16-03:00";4,434.849
"TEL.NAOMI.FLUX_AT1";"2023-10-21T01:05:46-03:00";4,476.848
"TEL.NAOMI.FLUX_AT1";"2023-10-21T01:06:16-03:00";4,400.809
"TEL.NAOMI.FLUX_AT1";"2023-10-21T01:06:46-03:00";4,472.802
"TEL.NAOMI.FLUX_AT1";"2023-10-21T01:07:16-03:00";4,358.903
"TEL.NAOMI.FLUX_AT1";"2023-10-21T01:07:46-03:00";4,404.139
"TEL.NAOMI.FLUX_AT1";"2023-10-21T01:08:16-03:00";4,468.813
"TEL.NAOMI.FLUX_AT1";"2023-10-21T01:08:46-03:00";4,523.589
"TEL.NAOMI.FLUX_AT1";"2023-10-21T01:09:16-03:00";4,490.457
"TEL.NAOMI.FLUX_AT1";"2023-10-21T01:09:46-03:00";4,409.377
"TEL.NAOMI.FLUX_AT1";"2023-10-21T01:10:16-03:00";4,431.698
"TEL.NAOMI.FLUX_AT1";"2023-10-21T01:10:46-03:00";4,410.093
"TEL.NAOMI.FLUX_AT1";"2023-10-21T01:11:16-03:00";4,473.606
"TEL.NAOMI.FLUX_AT1";"2023-10-21T01:11:46-03:00";4,392.35
"TEL.NAOMI.FLUX_AT1";"2023-10-21T01:12:16-03:00";4,505.112
"TEL.NAOMI.FLUX_AT1";"2023-10-21T01:12:46-03:00";4,364.237
"TEL.NAOMI.FLUX_AT1";"2023-10-21T01:13:16-03:00";4,324.6
"TEL.NAOMI.FLUX_AT1";"2023-10-21T01:13:46-03:00";4,424.927
"TEL.NAOMI.FLUX_AT1";"2023-10-21T01:14:16-03:00";4,346.701
"TEL.NAOMI.FLUX_AT1";"2023-10-21T01:14:46-03:00";4,402.058
"TEL.NAOMI.FLUX_AT1";"2023-10-21T01:15:16-03:00";4,355.451
"TEL.NAOMI.FLUX_AT1";"2023-10-21T01:15:46-03:00";4,477.273
"TEL.NAOMI.FLUX_AT1";"2023-10-21T01:16:16-03:00";4,521.452
"TEL.NAOMI.FLUX_AT1";"2023-10-21T01:16:46-03:00";4,485.244
"TEL.NAOMI.FLUX_AT1";"2023-10-21T01:17:16-03:00";4,546.184
"TEL.NAOMI.FLUX_AT1";"2023-10-21T01:17:46-03:00";4,451.073
"TEL.NAOMI.FLUX_AT1";"2023-10-21T01:18:16-03:00";4,442.503
"TEL.NAOMI.FLUX_AT1";"2023-10-21T01:22:16-03:00";7,009.747
"TEL.NAOMI.FLUX_AT1";"2023-10-21T01:22:46-03:00";6,857.279
"TEL.NAOMI.FLUX_AT1";"2023-10-21T01:23:16-03:00";6,865.361
"TEL.NAOMI.FLUX_AT1";"2023-10-21T01:23:46-03:00";6,908.051
"TEL.NAOMI.FLUX_AT1";"2023-10-21T01:24:16-03:00";7,043.313
"TEL.NAOMI.FLUX_AT1";"2023-10-21T01:24:46-03:00";7,011.895
"TEL.NAOMI.FLUX_AT1";"2023-10-21T01:25:16-03:00";7,129.83
"TEL.NAOMI.FLUX_AT1";"2023-10-21T01:25:46-03:00";7,345.947
"TEL.NAOMI.FLUX_AT1";"2023-10-21T01:26:16-03:00";7,185.575
"TEL.NAOMI.FLUX_AT1";"2023-10-21T01:28:46-03:00";7,416.343
"TEL.NAOMI.FLUX_AT1";"2023-10-21T01:29:16-03:00";7,342.802
"TEL.NAOMI.FLUX_AT1";"2023-10-21T01:29:46-03:00";7,234.208
"TEL.NAOMI.FLUX_AT1";"2023-10-21T01:30:16-03:00";7,436.474
"TEL.NAOMI.FLUX_AT1";"2023-10-21T01:30:46-03:00";7,231.976
"TEL.NAOMI.FLUX_AT1";"2023-10-21T01:31:16-03:00";7,272.569
"TEL.NAOMI.FLUX_AT1";"2023-10-21T01:31:46-03:00";7,194.676
"TEL.NAOMI.FLUX_AT1";"2023-10-21T01:32:16-03:00";7,359.671
"TEL.NAOMI.FLUX_AT1";"2023-10-21T01:32:46-03:00";6,334.35
"TEL.NAOMI.FLUX_AT1";"2023-10-21T01:33:16-03:00";7,469.524
"TEL.NAOMI.FLUX_AT1";"2023-10-21T01:33:46-03:00";7,419.413
"TEL.NAOMI.FLUX_AT1";"2023-10-21T01:34:16-03:00";7,472.884
"TEL.NAOMI.FLUX_AT1";"2023-10-21T01:34:46-03:00";7,271.109
"TEL.NAOMI.FLUX_AT1";"2023-10-21T01:35:16-03:00";7,404.991
"TEL.NAOMI.FLUX_AT1";"2023-10-21T01:35:46-03:00";7,245.025
"TEL.NAOMI.FLUX_AT1";"2023-10-21T01:36:16-03:00";7,122.2
"TEL.NAOMI.FLUX_AT1";"2023-10-21T01:36:46-03:00";7,270.733
"TEL.NAOMI.FLUX_AT1";"2023-10-21T01:37:16-03:00";7,122.275
"TEL.NAOMI.FLUX_AT1";"2023-10-21T01:37:46-03:00";7,255.528
"TEL.NAOMI.FLUX_AT1";"2023-10-21T01:38:16-03:00";6,991.246
"TEL.NAOMI.FLUX_AT1";"2023-10-21T01:38:46-03:00";7,279.043
"TEL.NAOMI.FLUX_AT1";"2023-10-21T01:39:16-03:00";7,055.08
"TEL.NAOMI.FLUX_AT1";"2023-10-21T01:39:46-03:00";7,048.301
"TEL.NAOMI.FLUX_AT1";"2023-10-21T01:40:16-03:00";7,106.433
"TEL.NAOMI.FLUX_AT1";"2023-10-21T01:40:46-03:00";6,914.984
"TEL.NAOMI.FLUX_AT1";"2023-10-21T01:41:16-03:00";7,215.467
"TEL.NAOMI.FLUX_AT1";"2023-10-21T01:41:46-03:00";6,600.677
"TEL.NAOMI.FLUX_AT1";"2023-10-21T01:42:16-03:00";7,080.202
"TEL.NAOMI.FLUX_AT1";"2023-10-21T01:42:46-03:00";7,224.304
"TEL.NAOMI.FLUX_AT1";"2023-10-21T01:43:16-03:00";7,194.4
"TEL.NAOMI.FLUX_AT1";"2023-10-21T01:43:46-03:00";7,211.066
"TEL.NAOMI.FLUX_AT1";"2023-10-21T01:44:16-03:00";7,070.41
"TEL.NAOMI.FLUX_AT1";"2023-10-21T01:44:46-03:00";7,189.781
"TEL.NAOMI.FLUX_AT1";"2023-10-21T01:45:16-03:00";7,131.324
"TEL.NAOMI.FLUX_AT1";"2023-10-21T01:45:46-03:00";6,972.869
"TEL.NAOMI.FLUX_AT1";"2023-10-21T01:46:16-03:00";7,176.876
"TEL.NAOMI.FLUX_AT1";"2023-10-21T01:46:46-03:00";7,202.917
"TEL.NAOMI.FLUX_AT1";"2023-10-21T01:48:46-03:00";1,910.751
"TEL.NAOMI.FLUX_AT1";"2023-10-21T01:49:16-03:00";1,919.571
"TEL.NAOMI.FLUX_AT1";"2023-10-21T01:49:46-03:00";1,899.389
"TEL.NAOMI.FLUX_AT1";"2023-10-21T01:50:16-03:00";1,955.61
"TEL.NAOMI.FLUX_AT1";"2023-10-21T01:50:46-03:00";1,951.255
"TEL.NAOMI.FLUX_AT1";"2023-10-21T01:51:16-03:00";1,949.449
"TEL.NAOMI.FLUX_AT1";"2023-10-21T01:53:46-03:00";1,954.935
"TEL.NAOMI.FLUX_AT1";"2023-10-21T01:54:16-03:00";1,849.682
"TEL.NAOMI.FLUX_AT1";"2023-10-21T01:54:46-03:00";1,939.147
"TEL.NAOMI.FLUX_AT1";"2023-10-21T01:55:16-03:00";1,987.869
"TEL.NAOMI.FLUX_AT1";"2023-10-21T01:55:46-03:00";1,976.584
"TEL.NAOMI.FLUX_AT1";"2023-10-21T01:56:16-03:00";2,006.74
"TEL.NAOMI.FLUX_AT1";"2023-10-21T01:56:46-03:00";1,994.449
"TEL.NAOMI.FLUX_AT1";"2023-10-21T01:57:16-03:00";2,020.725
"TEL.NAOMI.FLUX_AT1";"2023-10-21T01:57:46-03:00";2,007.212
"TEL.NAOMI.FLUX_AT1";"2023-10-21T01:58:16-03:00";1,986.525
"TEL.NAOMI.FLUX_AT1";"2023-10-21T01:58:46-03:00";2,001.065
"TEL.NAOMI.FLUX_AT1";"2023-10-21T01:59:16-03:00";1,918.11
"TEL.NAOMI.FLUX_AT1";"2023-10-21T01:59:46-03:00";1,987.623
"TEL.NAOMI.FLUX_AT1";"2023-10-21T02:00:16-03:00";1,923.876
"TEL.NAOMI.FLUX_AT1";"2023-10-21T02:00:46-03:00";1,966.636
"TEL.NAOMI.FLUX_AT1";"2023-10-21T02:01:16-03:00";1,935.214
"TEL.NAOMI.FLUX_AT1";"2023-10-21T02:01:46-03:00";1,911.771
"TEL.NAOMI.FLUX_AT1";"2023-10-21T02:02:16-03:00";1,932.871
"TEL.NAOMI.FLUX_AT1";"2023-10-21T02:02:46-03:00";1,891.183
"TEL.NAOMI.FLUX_AT1";"2023-10-21T02:03:16-03:00";1,865.238
"TEL.NAOMI.FLUX_AT1";"2023-10-21T02:03:46-03:00";1,793.823
"TEL.NAOMI.FLUX_AT1";"2023-10-21T02:04:16-03:00";1,780.361
"TEL.NAOMI.FLUX_AT1";"2023-10-21T02:04:46-03:00";1,940.444
"TEL.NAOMI.FLUX_AT1";"2023-10-21T02:05:16-03:00";1,929.505
"TEL.NAOMI.FLUX_AT1";"2023-10-21T02:05:46-03:00";1,923.756
"TEL.NAOMI.FLUX_AT1";"2023-10-21T02:06:16-03:00";1,889.021
"TEL.NAOMI.FLUX_AT1";"2023-10-21T02:06:46-03:00";1,847.223
"TEL.NAOMI.FLUX_AT1";"2023-10-21T02:07:16-03:00";1,964.376
"TEL.NAOMI.FLUX_AT1";"2023-10-21T02:07:46-03:00";1,853.131
"TEL.NAOMI.FLUX_AT1";"2023-10-21T02:08:16-03:00";1,974.486
"TEL.NAOMI.FLUX_AT1";"2023-10-21T02:08:46-03:00";1,895.705
"TEL.NAOMI.FLUX_AT1";"2023-10-21T02:09:16-03:00";1,835.443
"TEL.NAOMI.FLUX_AT1";"2023-10-21T02:09:46-03:00";1,892.765
"TEL.NAOMI.FLUX_AT1";"2023-10-21T02:10:16-03:00";1,871.23
"TEL.NAOMI.FLUX_AT1";"2023-10-21T02:10:46-03:00";1,827.984
"TEL.NAOMI.FLUX_AT1";"2023-10-21T02:11:16-03:00";1,890.371
"TEL.NAOMI.FLUX_AT1";"2023-10-21T02:11:46-03:00";1,890.133
"TEL.NAOMI.FLUX_AT1";"2023-10-21T02:12:16-03:00";1,939.212
"TEL.NAOMI.FLUX_AT1";"2023-10-21T02:12:46-03:00";1,973.151
"TEL.NAOMI.FLUX_AT1";"2023-10-21T02:13:16-03:00";1,999.628
"TEL.NAOMI.FLUX_AT1";"2023-10-21T02:13:46-03:00";2,000.617
"TEL.NAOMI.FLUX_AT1";"2023-10-21T02:16:16-03:00";54.844
"TEL.NAOMI.FLUX_AT1";"2023-10-21T02:16:46-03:00";52.952
"TEL.NAOMI.FLUX_AT1";"2023-10-21T02:17:16-03:00";54.67
"TEL.NAOMI.FLUX_AT1";"2023-10-21T02:17:46-03:00";54.592
"TEL.NAOMI.FLUX_AT1";"2023-10-21T02:18:16-03:00";51.606
"TEL.NAOMI.FLUX_AT1";"2023-10-21T02:18:46-03:00";53.826
"TEL.NAOMI.FLUX_AT1";"2023-10-21T02:19:16-03:00";54.455
"TEL.NAOMI.FLUX_AT1";"2023-10-21T02:19:46-03:00";50.856
"TEL.NAOMI.FLUX_AT1";"2023-10-21T02:20:16-03:00";53.373
"TEL.NAOMI.FLUX_AT1";"2023-10-21T02:20:46-03:00";51.697
"TEL.NAOMI.FLUX_AT1";"2023-10-21T02:23:46-03:00";55.983
"TEL.NAOMI.FLUX_AT1";"2023-10-21T02:24:16-03:00";54.61
"TEL.NAOMI.FLUX_AT1";"2023-10-21T02:24:46-03:00";53.946
"TEL.NAOMI.FLUX_AT1";"2023-10-21T02:25:16-03:00";53.248
"TEL.NAOMI.FLUX_AT1";"2023-10-21T02:25:46-03:00";53.174
"TEL.NAOMI.FLUX_AT1";"2023-10-21T02:26:16-03:00";51.8
"TEL.NAOMI.FLUX_AT1";"2023-10-21T02:26:46-03:00";53.778
"TEL.NAOMI.FLUX_AT1";"2023-10-21T02:27:16-03:00";53.3
"TEL.NAOMI.FLUX_AT1";"2023-10-21T02:27:46-03:00";55.592
"TEL.NAOMI.FLUX_AT1";"2023-10-21T02:28:16-03:00";52.541
"TEL.NAOMI.FLUX_AT1";"2023-10-21T02:28:46-03:00";53.215
"TEL.NAOMI.FLUX_AT1";"2023-10-21T02:29:16-03:00";55.669
"TEL.NAOMI.FLUX_AT1";"2023-10-21T02:29:46-03:00";54.617
"TEL.NAOMI.FLUX_AT1";"2023-10-21T02:30:16-03:00";54.235
"TEL.NAOMI.FLUX_AT1";"2023-10-21T02:30:46-03:00";55.635
"TEL.NAOMI.FLUX_AT1";"2023-10-21T02:31:16-03:00";53.306
"TEL.NAOMI.FLUX_AT1";"2023-10-21T02:31:46-03:00";54.914
"TEL.NAOMI.FLUX_AT1";"2023-10-21T02:32:16-03:00";54.118
"TEL.NAOMI.FLUX_AT1";"2023-10-21T02:32:46-03:00";52.865
"TEL.NAOMI.FLUX_AT1";"2023-10-21T02:33:16-03:00";53.159
"TEL.NAOMI.FLUX_AT1";"2023-10-21T02:33:46-03:00";53.343
"TEL.NAOMI.FLUX_AT1";"2023-10-21T02:34:16-03:00";53.384
"TEL.NAOMI.FLUX_AT1";"2023-10-21T02:34:46-03:00";54.066
"TEL.NAOMI.FLUX_AT1";"2023-10-21T02:35:16-03:00";53.534
"TEL.NAOMI.FLUX_AT1";"2023-10-21T02:35:46-03:00";53.552
"TEL.NAOMI.FLUX_AT1";"2023-10-21T02:36:16-03:00";52.684
"TEL.NAOMI.FLUX_AT1";"2023-10-21T02:36:46-03:00";51.54
"TEL.NAOMI.FLUX_AT1";"2023-10-21T02:37:16-03:00";52.499
"TEL.NAOMI.FLUX_AT1";"2023-10-21T02:37:46-03:00";52.57
"TEL.NAOMI.FLUX_AT1";"2023-10-21T02:38:16-03:00";51.245
"TEL.NAOMI.FLUX_AT1";"2023-10-21T02:38:46-03:00";52.882
"TEL.NAOMI.FLUX_AT1";"2023-10-21T02:39:16-03:00";52.885
"TEL.NAOMI.FLUX_AT1";"2023-10-21T02:39:46-03:00";53.098
"TEL.NAOMI.FLUX_AT1";"2023-10-21T02:40:16-03:00";51.069
"TEL.NAOMI.FLUX_AT1";"2023-10-21T02:40:46-03:00";53.156
"TEL.NAOMI.FLUX_AT1";"2023-10-21T02:41:16-03:00";52.118
"TEL.NAOMI.FLUX_AT1";"2023-10-21T02:41:46-03:00";50.926
"TEL.NAOMI.FLUX_AT1";"2023-10-21T02:43:16-03:00";6,749.766
"TEL.NAOMI.FLUX_AT1";"2023-10-21T02:43:46-03:00";6,276.484
"TEL.NAOMI.FLUX_AT1";"2023-10-21T02:44:16-03:00";6,855.997
"TEL.NAOMI.FLUX_AT1";"2023-10-21T02:44:46-03:00";6,787.865
"TEL.NAOMI.FLUX_AT1";"2023-10-21T02:45:16-03:00";6,608.374
"TEL.NAOMI.FLUX_AT1";"2023-10-21T02:45:46-03:00";6,563.705
"TEL.NAOMI.FLUX_AT1";"2023-10-21T02:46:16-03:00";6,763.14
"TEL.NAOMI.FLUX_AT1";"2023-10-21T02:46:46-03:00";6,781.258
"TEL.NAOMI.FLUX_AT1";"2023-10-21T02:47:16-03:00";6,768.591
"TEL.NAOMI.FLUX_AT1";"2023-10-21T02:47:46-03:00";6,507.496
"TEL.NAOMI.FLUX_AT1";"2023-10-21T02:48:16-03:00";6,647.629
"TEL.NAOMI.FLUX_AT1";"2023-10-21T02:51:16-03:00";7,072.643
"TEL.NAOMI.FLUX_AT1";"2023-10-21T02:51:46-03:00";6,859.418
"TEL.NAOMI.FLUX_AT1";"2023-10-21T02:52:16-03:00";6,914.223
"TEL.NAOMI.FLUX_AT1";"2023-10-21T02:52:46-03:00";6,798.829
"TEL.NAOMI.FLUX_AT1";"2023-10-21T02:53:16-03:00";6,800.2
"TEL.NAOMI.FLUX_AT1";"2023-10-21T02:53:46-03:00";6,902.318
"TEL.NAOMI.FLUX_AT1";"2023-10-21T02:54:16-03:00";6,973.398
"TEL.NAOMI.FLUX_AT1";"2023-10-21T02:54:46-03:00";6,978.999
"TEL.NAOMI.FLUX_AT1";"2023-10-21T02:55:16-03:00";6,925.533
"TEL.NAOMI.FLUX_AT1";"2023-10-21T02:55:46-03:00";6,830.448
"TEL.NAOMI.FLUX_AT1";"2023-10-21T02:56:16-03:00";6,912.8
"TEL.NAOMI.FLUX_AT1";"2023-10-21T02:56:46-03:00";6,952.144
"TEL.NAOMI.FLUX_AT1";"2023-10-21T02:57:16-03:00";6,844.009
"TEL.NAOMI.FLUX_AT1";"2023-10-21T02:57:46-03:00";6,751.095
"TEL.NAOMI.FLUX_AT1";"2023-10-21T02:58:16-03:00";6,635.842
"TEL.NAOMI.FLUX_AT1";"2023-10-21T02:58:46-03:00";6,493.079
"TEL.NAOMI.FLUX_AT1";"2023-10-21T02:59:16-03:00";6,664.601
"TEL.NAOMI.FLUX_AT1";"2023-10-21T02:59:46-03:00";6,480.098
"TEL.NAOMI.FLUX_AT1";"2023-10-21T03:00:16-03:00";6,617.257
"TEL.NAOMI.FLUX_AT1";"2023-10-21T03:00:46-03:00";6,483.269
"TEL.NAOMI.FLUX_AT1";"2023-10-21T03:01:16-03:00";6,554.926
"TEL.NAOMI.FLUX_AT1";"2023-10-21T03:01:46-03:00";6,591.009
"TEL.NAOMI.FLUX_AT1";"2023-10-21T03:02:16-03:00";6,659.13
"TEL.NAOMI.FLUX_AT1";"2023-10-21T03:02:46-03:00";6,772.447
"TEL.NAOMI.FLUX_AT1";"2023-10-21T03:03:16-03:00";6,771.02
"TEL.NAOMI.FLUX_AT1";"2023-10-21T03:03:46-03:00";6,684.271
"TEL.NAOMI.FLUX_AT1";"2023-10-21T03:04:16-03:00";6,899.116
"TEL.NAOMI.FLUX_AT1";"2023-10-21T03:04:46-03:00";6,849.048
"TEL.NAOMI.FLUX_AT1";"2023-10-21T03:05:16-03:00";6,625.295
"TEL.NAOMI.FLUX_AT1";"2023-10-21T03:05:46-03:00";6,650.329
"TEL.NAOMI.FLUX_AT1";"2023-10-21T03:06:16-03:00";6,383.689
"TEL.NAOMI.FLUX_AT1";"2023-10-21T03:06:46-03:00";6,256.242
"TEL.NAOMI.FLUX_AT1";"2023-10-21T03:07:16-03:00";6,548.974
"TEL.NAOMI.FLUX_AT1";"2023-10-21T03:07:46-03:00";6,555.118
"TEL.NAOMI.FLUX_AT1";"2023-10-21T03:08:16-03:00";6,720.844
"TEL.NAOMI.FLUX_AT1";"2023-10-21T03:08:46-03:00";6,541.529
"TEL.NAOMI.FLUX_AT1";"2023-10-21T03:09:16-03:00";6,868.435
"TEL.NAOMI.FLUX_AT1";"2023-10-21T03:09:46-03:00";6,904.864
"TEL.NAOMI.FLUX_AT1";"2023-10-21T03:10:16-03:00";6,777.8
"TEL.NAOMI.FLUX_AT1";"2023-10-21T03:10:46-03:00";7,036.481
"TEL.NAOMI.FLUX_AT1";"2023-10-21T03:11:16-03:00";7,030.688
"TEL.NAOMI.FLUX_AT1";"2023-10-21T03:11:46-03:00";6,679.444
"TEL.NAOMI.FLUX_AT1";"2023-10-21T03:12:16-03:00";6,633.245
"TEL.NAOMI.FLUX_AT1";"2023-10-21T03:12:46-03:00";6,804.267
"TEL.NAOMI.FLUX_AT1";"2023-10-21T03:13:16-03:00";6,903.886
"TEL.NAOMI.FLUX_AT1";"2023-10-21T03:14:46-03:00";9,381.367
"TEL.NAOMI.FLUX_AT1";"2023-10-21T03:15:16-03:00";9,817.715
"TEL.NAOMI.FLUX_AT1";"2023-10-21T03:15:46-03:00";9,772.418
"TEL.NAOMI.FLUX_AT1";"2023-10-21T03:18:16-03:00";9,714.97
"TEL.NAOMI.FLUX_AT1";"2023-10-21T03:18:46-03:00";9,702.143
"TEL.NAOMI.FLUX_AT1";"2023-10-21T03:19:16-03:00";9,815.459
"TEL.NAOMI.FLUX_AT1";"2023-10-21T03:19:46-03:00";9,665.555
"TEL.NAOMI.FLUX_AT1";"2023-10-21T03:20:16-03:00";9,810.995
"TEL.NAOMI.FLUX_AT1";"2023-10-21T03:20:46-03:00";9,970.66
"TEL.NAOMI.FLUX_AT1";"2023-10-21T03:21:16-03:00";9,854.546
"TEL.NAOMI.FLUX_AT1";"2023-10-21T03:21:46-03:00";9,756.466
"TEL.NAOMI.FLUX_AT1";"2023-10-21T03:22:16-03:00";9,969.967
"TEL.NAOMI.FLUX_AT1";"2023-10-21T03:22:46-03:00";9,899.023
"TEL.NAOMI.FLUX_AT1";"2023-10-21T03:23:16-03:00";9,880.166
"TEL.NAOMI.FLUX_AT1";"2023-10-21T03:23:46-03:00";9,510.869
"TEL.NAOMI.FLUX_AT1";"2023-10-21T03:24:16-03:00";9,686.781
"TEL.NAOMI.FLUX_AT1";"2023-10-21T03:24:46-03:00";9,740.444
"TEL.NAOMI.FLUX_AT1";"2023-10-21T03:25:16-03:00";9,781.459
"TEL.NAOMI.FLUX_AT1";"2023-10-21T03:25:46-03:00";9,641.054
"TEL.NAOMI.FLUX_AT1";"2023-10-21T03:26:16-03:00";9,405.396
"TEL.NAOMI.FLUX_AT1";"2023-10-21T03:26:46-03:00";9,471.516
"TEL.NAOMI.FLUX_AT1";"2023-10-21T03:27:16-03:00";9,307.61
"TEL.NAOMI.FLUX_AT1";"2023-10-21T03:27:46-03:00";9,284.712
"TEL.NAOMI.FLUX_AT1";"2023-10-21T03:28:16-03:00";9,525.88
"TEL.NAOMI.FLUX_AT1";"2023-10-21T03:28:46-03:00";9,471.352
"TEL.NAOMI.FLUX_AT1";"2023-10-21T03:29:16-03:00";9,460.152
"TEL.NAOMI.FLUX_AT1";"2023-10-21T03:29:46-03:00";9,379.788
"TEL.NAOMI.FLUX_AT1";"2023-10-21T03:30:16-03:00";9,515.633
"TEL.NAOMI.FLUX_AT1";"2023-10-21T03:30:46-03:00";9,357.094
"TEL.NAOMI.FLUX_AT1";"2023-10-21T03:31:16-03:00";9,378.747
"TEL.NAOMI.FLUX_AT1";"2023-10-21T03:31:46-03:00";8,901.906
"TEL.NAOMI.FLUX_AT1";"2023-10-21T03:32:16-03:00";8,955.736
"TEL.NAOMI.FLUX_AT1";"2023-10-21T03:32:46-03:00";9,090.884
"TEL.NAOMI.FLUX_AT1";"2023-10-21T03:33:16-03:00";9,076.048
"TEL.NAOMI.FLUX_AT1";"2023-10-21T03:33:46-03:00";9,334.853
"TEL.NAOMI.FLUX_AT1";"2023-10-21T03:34:16-03:00";9,319.116
"TEL.NAOMI.FLUX_AT1";"2023-10-21T03:34:46-03:00";9,398.908
"TEL.NAOMI.FLUX_AT1";"2023-10-21T03:35:16-03:00";9,294.055
"TEL.NAOMI.FLUX_AT1";"2023-10-21T03:35:46-03:00";9,423.189
"TEL.NAOMI.FLUX_AT1";"2023-10-21T03:36:16-03:00";9,407.173
"TEL.NAOMI.FLUX_AT1";"2023-10-21T03:36:46-03:00";9,351.637
"TEL.NAOMI.FLUX_AT1";"2023-10-21T03:37:16-03:00";9,782.895
"TEL.NAOMI.FLUX_AT1";"2023-10-21T03:39:16-03:00";2.309
"TEL.NAOMI.FLUX_AT1";"2023-10-21T03:39:46-03:00";2.354
"TEL.NAOMI.FLUX_AT1";"2023-10-21T03:40:16-03:00";2.308
"TEL.NAOMI.FLUX_AT1";"2023-10-21T03:40:46-03:00";2.321
"TEL.NAOMI.FLUX_AT1";"2023-10-21T03:43:16-03:00";2.303
"TEL.NAOMI.FLUX_AT1";"2023-10-21T03:43:46-03:00";2.358
"TEL.NAOMI.FLUX_AT1";"2023-10-21T03:44:16-03:00";2.307
"TEL.NAOMI.FLUX_AT1";"2023-10-21T03:44:46-03:00";2.357
"TEL.NAOMI.FLUX_AT1";"2023-10-21T03:45:16-03:00";2.356
"TEL.NAOMI.FLUX_AT1";"2023-10-21T03:45:46-03:00";2.326
"TEL.NAOMI.FLUX_AT1";"2023-10-21T03:46:16-03:00";2.316
"TEL.NAOMI.FLUX_AT1";"2023-10-21T03:46:46-03:00";2.29
"TEL.NAOMI.FLUX_AT1";"2023-10-21T03:47:16-03:00";2.245
"TEL.NAOMI.FLUX_AT1";"2023-10-21T03:47:46-03:00";2.394
"TEL.NAOMI.FLUX_AT1";"2023-10-21T03:48:16-03:00";2.335
"TEL.NAOMI.FLUX_AT1";"2023-10-21T03:48:46-03:00";2.444
"TEL.NAOMI.FLUX_AT1";"2023-10-21T03:49:16-03:00";2.27
"TEL.NAOMI.FLUX_AT1";"2023-10-21T03:49:46-03:00";2.324
"TEL.NAOMI.FLUX_AT1";"2023-10-21T03:50:16-03:00";2.295
"TEL.NAOMI.FLUX_AT1";"2023-10-21T03:50:46-03:00";2.394
"TEL.NAOMI.FLUX_AT1";"2023-10-21T03:51:16-03:00";2.228
"TEL.NAOMI.FLUX_AT1";"2023-10-21T03:51:46-03:00";2.34
"TEL.NAOMI.FLUX_AT1";"2023-10-21T03:52:16-03:00";2.312
"TEL.NAOMI.FLUX_AT1";"2023-10-21T03:52:46-03:00";2.375
"TEL.NAOMI.FLUX_AT1";"2023-10-21T03:53:16-03:00";2.362
"TEL.NAOMI.FLUX_AT1";"2023-10-21T03:53:46-03:00";2.348
"TEL.NAOMI.FLUX_AT1";"2023-10-21T03:54:16-03:00";2.292
"TEL.NAOMI.FLUX_AT1";"2023-10-21T03:54:46-03:00";2.199
"TEL.NAOMI.FLUX_AT1";"2023-10-21T03:55:16-03:00";2.326
"TEL.NAOMI.FLUX_AT1";"2023-10-21T03:55:46-03:00";2.274
"TEL.NAOMI.FLUX_AT1";"2023-10-21T03:56:16-03:00";2.221
"TEL.NAOMI.FLUX_AT1";"2023-10-21T03:56:46-03:00";2.352
"TEL.NAOMI.FLUX_AT1";"2023-10-21T03:57:16-03:00";2.357
"TEL.NAOMI.FLUX_AT1";"2023-10-21T03:57:46-03:00";2.298
"TEL.NAOMI.FLUX_AT1";"2023-10-21T03:58:16-03:00";2.288
"TEL.NAOMI.FLUX_AT1";"2023-10-21T03:58:46-03:00";2.267
"TEL.NAOMI.FLUX_AT1";"2023-10-21T03:59:16-03:00";2.216
"TEL.NAOMI.FLUX_AT1";"2023-10-21T03:59:46-03:00";2.242
"TEL.NAOMI.FLUX_AT1";"2023-10-21T04:00:16-03:00";2.34
"TEL.NAOMI.FLUX_AT1";"2023-10-21T04:00:46-03:00";2.309
"TEL.NAOMI.FLUX_AT1";"2023-10-21T04:02:46-03:00";206.463
"TEL.NAOMI.FLUX_AT1";"2023-10-21T04:05:16-03:00";214.195
"TEL.NAOMI.FLUX_AT1";"2023-10-21T04:05:46-03:00";215.4
"TEL.NAOMI.FLUX_AT1";"2023-10-21T04:06:16-03:00";218.475
"TEL.NAOMI.FLUX_AT1";"2023-10-21T04:06:46-03:00";217.149
"TEL.NAOMI.FLUX_AT1";"2023-10-21T04:07:16-03:00";217.492
"TEL.NAOMI.FLUX_AT1";"2023-10-21T04:07:46-03:00";218.253
"TEL.NAOMI.FLUX_AT1";"2023-10-21T04:08:16-03:00";224.082
"TEL.NAOMI.FLUX_AT1";"2023-10-21T04:08:46-03:00";216.59
"TEL.NAOMI.FLUX_AT1";"2023-10-21T04:09:16-03:00";220.521
"TEL.NAOMI.FLUX_AT1";"2023-10-21T04:09:46-03:00";219.42
"TEL.NAOMI.FLUX_AT1";"2023-10-21T04:10:16-03:00";216.347
"TEL.NAOMI.FLUX_AT1";"2023-10-21T04:10:46-03:00";217.272
"TEL.NAOMI.FLUX_AT1";"2023-10-21T04:11:16-03:00";211.985
"TEL.NAOMI.FLUX_AT1";"2023-10-21T04:11:46-03:00";211.083
"TEL.NAOMI.FLUX_AT1";"2023-10-21T04:12:16-03:00";214.564
"TEL.NAOMI.FLUX_AT1";"2023-10-21T04:14:46-03:00";211.07
"TEL.NAOMI.FLUX_AT1";"2023-10-21T04:15:16-03:00";211.165
"TEL.NAOMI.FLUX_AT1";"2023-10-21T04:15:46-03:00";212.285
"TEL.NAOMI.FLUX_AT1";"2023-10-21T04:16:16-03:00";217.04
"TEL.NAOMI.FLUX_AT1";"2023-10-21T04:16:46-03:00";214.225
"TEL.NAOMI.FLUX_AT1";"2023-10-21T04:17:16-03:00";214.796
"TEL.NAOMI.FLUX_AT1";"2023-10-21T04:17:46-03:00";214.053
"TEL.NAOMI.FLUX_AT1";"2023-10-21T04:18:16-03:00";215.189
"TEL.NAOMI.FLUX_AT1";"2023-10-21T04:18:46-03:00";210.888
"TEL.NAOMI.FLUX_AT1";"2023-10-21T04:19:16-03:00";216.097
"TEL.NAOMI.FLUX_AT1";"2023-10-21T04:19:46-03:00";217.694
"TEL.NAOMI.FLUX_AT1";"2023-10-21T04:20:16-03:00";208.861
"TEL.NAOMI.FLUX_AT1";"2023-10-21T04:20:46-03:00";215.546
"TEL.NAOMI.FLUX_AT1";"2023-10-21T04:21:16-03:00";213.333
"TEL.NAOMI.FLUX_AT1";"2023-10-21T04:21:46-03:00";217.247
"TEL.NAOMI.FLUX_AT1";"2023-10-21T04:22:16-03:00";216.868
"TEL.NAOMI.FLUX_AT1";"2023-10-21T04:22:46-03:00";206.371
"TEL.NAOMI.FLUX_AT1";"2023-10-21T04:23:16-03:00";209.415
"TEL.NAOMI.FLUX_AT1";"2023-10-21T04:23:46-03:00";210.087
"TEL.NAOMI.FLUX_AT1";"2023-10-21T04:24:16-03:00";212.533
"TEL.NAOMI.FLUX_AT1";"2023-10-21T04:24:46-03:00";208.688
"TEL.NAOMI.FLUX_AT1";"2023-10-21T04:25:16-03:00";214.069
"TEL.NAOMI.FLUX_AT1";"2023-10-21T04:25:46-03:00";206.945
"TEL.NAOMI.FLUX_AT1";"2023-10-21T04:26:16-03:00";199.716
"TEL.NAOMI.FLUX_AT1";"2023-10-21T04:26:46-03:00";201.928
"TEL.NAOMI.FLUX_AT1";"2023-10-21T04:27:16-03:00";207.122
"TEL.NAOMI.FLUX_AT1";"2023-10-21T04:27:46-03:00";209.123
"TEL.NAOMI.FLUX_AT1";"2023-10-21T04:28:16-03:00";214.477
"TEL.NAOMI.FLUX_AT1";"2023-10-21T04:28:46-03:00";211.968
"TEL.NAOMI.FLUX_AT1";"2023-10-21T04:29:16-03:00";207.604
"TEL.NAOMI.FLUX_AT1";"2023-10-21T04:29:46-03:00";204.193
"TEL.NAOMI.FLUX_AT1";"2023-10-21T04:30:16-03:00";203.874
"TEL.NAOMI.FLUX_AT1";"2023-10-21T04:30:46-03:00";201.868
"TEL.NAOMI.FLUX_AT1";"2023-10-21T04:31:16-03:00";210.693
"TEL.NAOMI.FLUX_AT1";"2023-10-21T04:31:46-03:00";210.421
"TEL.NAOMI.FLUX_AT1";"2023-10-21T04:32:16-03:00";207.968
"TEL.NAOMI.FLUX_AT1";"2023-10-21T04:32:46-03:00";210.006
"TEL.NAOMI.FLUX_AT1";"2023-10-21T04:33:16-03:00";212.539
"TEL.NAOMI.FLUX_AT1";"2023-10-21T04:33:46-03:00";201.265
"TEL.NAOMI.FLUX_AT1";"2023-10-21T04:34:16-03:00";208.927
"TEL.NAOMI.FLUX_AT1";"2023-10-21T04:34:46-03:00";204.3
"TEL.NAOMI.FLUX_AT1";"2023-10-21T04:35:16-03:00";207.055
"TEL.NAOMI.FLUX_AT1";"2023-10-21T04:35:46-03:00";210.386
"TEL.NAOMI.FLUX_AT1";"2023-10-21T04:36:16-03:00";205.482
"TEL.NAOMI.FLUX_AT2";"2023-10-21T00:44:29-03:00";4,193.459
"TEL.NAOMI.FLUX_AT2";"2023-10-21T00:44:59-03:00";4,102.099
"TEL.NAOMI.FLUX_AT2";"2023-10-21T00:45:29-03:00";4,158.716
"TEL.NAOMI.FLUX_AT2";"2023-10-21T00:45:59-03:00";4,187.116
"TEL.NAOMI.FLUX_AT2";"2023-10-21T00:46:29-03:00";4,183.934
"TEL.NAOMI.FLUX_AT2";"2023-10-21T00:46:59-03:00";4,129.904
"TEL.NAOMI.FLUX_AT2";"2023-10-21T00:47:29-03:00";4,110.837
"TEL.NAOMI.FLUX_AT2";"2023-10-21T00:47:59-03:00";4,156.744
"TEL.NAOMI.FLUX_AT2";"2023-10-21T00:48:29-03:00";4,086.845
"TEL.NAOMI.FLUX_AT2";"2023-10-21T00:48:59-03:00";4,124.925
"TEL.NAOMI.FLUX_AT2";"2023-10-21T00:49:29-03:00";4,193.013
"TEL.NAOMI.FLUX_AT2";"2023-10-21T00:49:59-03:00";4,176.334
"TEL.NAOMI.FLUX_AT2";"2023-10-21T00:50:29-03:00";4,087.79
"TEL.NAOMI.FLUX_AT2";"2023-10-21T00:50:59-03:00";4,001.89
"TEL.NAOMI.FLUX_AT2";"2023-10-21T00:51:29-03:00";4,154.305
"TEL.NAOMI.FLUX_AT2";"2023-10-21T00:51:59-03:00";4,062.716
"TEL.NAOMI.FLUX_AT2";"2023-10-21T00:52:29-03:00";4,101.724
"TEL.NAOMI.FLUX_AT2";"2023-10-21T00:52:59-03:00";4,154.027
"TEL.NAOMI.FLUX_AT2";"2023-10-21T00:53:29-03:00";4,199.178
"TEL.NAOMI.FLUX_AT2";"2023-10-21T00:53:59-03:00";4,139.544
"TEL.NAOMI.FLUX_AT2";"2023-10-21T00:54:29-03:00";4,205.193
"TEL.NAOMI.FLUX_AT2";"2023-10-21T00:54:59-03:00";4,178.813
"TEL.NAOMI.FLUX_AT2";"2023-10-21T00:55:29-03:00";4,202.568
"TEL.NAOMI.FLUX_AT2";"2023-10-21T00:55:59-03:00";4,165.024
"TEL.NAOMI.FLUX_AT2";"2023-10-21T00:56:29-03:00";4,131.619
"TEL.NAOMI.FLUX_AT2";"2023-10-21T00:56:59-03:00";4,231.858
"TEL.NAOMI.FLUX_AT2";"2023-10-21T00:57:29-03:00";4,228.961
"TEL.NAOMI.FLUX_AT2";"2023-10-21T00:57:59-03:00";4,159.638
"TEL.NAOMI.FLUX_AT2";"2023-10-21T00:58:29-03:00";4,123.724
"TEL.NAOMI.FLUX_AT2";"2023-10-21T00:58:59-03:00";4,128.631
"TEL.NAOMI.FLUX_AT2";"2023-10-21T00:59:29-03:00";4,016.311
"TEL.NAOMI.FLUX_AT2";"2023-10-21T00:59:59-03:00";4,125.205
"TEL.NAOMI.FLUX_AT2";"2023-10-21T01:00:29-03:00";4,049.566
"TEL.NAOMI.FLUX_AT2";"2023-10-21T01:00:59-03:00";4,145.431
"TEL.NAOMI.FLUX_AT2";"2023-10-21T01:01:29-03:00";4,215.119
"TEL.NAOMI.FLUX_AT2";"2023-10-21T01:01:59-03:00";4,154.174
"TEL.NAOMI.FLUX_AT2";"2023-10-21T01:02:29-03:00";4,000.283
"TEL.NAOMI.FLUX_AT2";"2023-10-21T01:02:59-03:00";4,070.57
"TEL.NAOMI.FLUX_AT2";"2023-10-21T01:03:29-03:00";4,111.032
"TEL.NAOMI.FLUX_AT2";"2023-10-21T01:03:59-03:00";4,204.618
"TEL.NAOMI.FLUX_AT2";"2023-10-21T01:04:29-03:00";4,171.274
"TEL.NAOMI.FLUX_AT2";"2023-10-21T01:04:59-03:00";4,131.402
"TEL.NAOMI.FLUX_AT2";"2023-10-21T01:05:29-03:00";4,167.709
"TEL.NAOMI.FLUX_AT2";"2023-10-21T01:05:59-03:00";4,021.808
"TEL.NAOMI.FLUX_AT2";"2023-10-21T01:06:29-03:00";4,151.031
"TEL.NAOMI.FLUX_AT2";"2023-10-21T01:06:59-03:00";4,167.037
"TEL.NAOMI.FLUX_AT2";"2023-10-21T01:07:29-03:00";4,056.866
"TEL.NAOMI.FLUX_AT2";"2023-10-21T01:07:59-03:00";4,001.822
"TEL.NAOMI.FLUX_AT2";"2023-10-21T01:08:29-03:00";4,115.587
"TEL.NAOMI.FLUX_AT2";"2023-10-21T01:08:59-03:00";4,175.975
"TEL.NAOMI.FLUX_AT2";"2023-10-21T01:09:29-03:00";4,040.12
"TEL.NAOMI.FLUX_AT2";"2023-10-21T01:09:59-03:00";4,144.028
"TEL.NAOMI.FLUX_AT2";"2023-10-21T01:10:29-03:00";4,115.223
"TEL.NAOMI.FLUX_AT2";"2023-10-21T01:10:59-03:00";4,091.164
"TEL.NAOMI.FLUX_AT2";"2023-10-21T01:11:29-03:00";4,104.956
"TEL.NAOMI.FLUX_AT2";"2023-10-21T01:11:59-03:00";4,093.748
"TEL.NAOMI.FLUX_AT2";"2023-10-21T01:12:29-03:00";4,226.616
"TEL.NAOMI.FLUX_AT2";"2023-10-21T01:12:59-03:00";4,053.757
"TEL.NAOMI.FLUX_AT2";"2023-10-21T01:13:29-03:00";4,127.56
"TEL.NAOMI.FLUX_AT2";"2023-10-21T01:13:59-03:00";4,163.726
"TEL.NAOMI.FLUX_AT2";"2023-10-21T01:14:29-03:00";4,112.467
"TEL.NAOMI.FLUX_AT2";"2023-10-21T01:14:59-03:00";4,121.86
"TEL.NAOMI.FLUX_AT2";"2023-10-21T01:15:29-03:00";4,016.625
"TEL.NAOMI.FLUX_AT2";"2023-10-21T01:15:59-03:00";4,222.018
"TEL.NAOMI.FLUX_AT2";"2023-10-21T01:16:29-03:00";4,162.537
"TEL.NAOMI.FLUX_AT2";"2023-10-21T01:16:59-03:00";4,239.084
"TEL.NAOMI.FLUX_AT2";"2023-10-21T01:17:29-03:00";4,146.863
"TEL.NAOMI.FLUX_AT2";"2023-10-21T01:17:59-03:00";4,169.912
"TEL.NAOMI.FLUX_AT2";"2023-10-21T01:18:29-03:00";4,069.709
"TEL.NAOMI.FLUX_AT2";"2023-10-21T01:21:29-03:00";6,477.702
"TEL.NAOMI.FLUX_AT2";"2023-10-21T01:21:59-03:00";6,778.558
"TEL.NAOMI.FLUX_AT2";"2023-10-21T01:22:29-03:00";6,626.151
"TEL.NAOMI.FLUX_AT2";"2023-10-21T01:22:59-03:00";6,864.111
"TEL.NAOMI.FLUX_AT2";"2023-10-21T01:23:29-03:00";6,527.636
"TEL.NAOMI.FLUX_AT2";"2023-10-21T01:23:59-03:00";6,762.311
"TEL.NAOMI.FLUX_AT2";"2023-10-21T01:24:29-03:00";6,929.407
"TEL.NAOMI.FLUX_AT2";"2023-10-21T01:24:59-03:00";6,888.697
"TEL.NAOMI.FLUX_AT2";"2023-10-21T01:25:29-03:00";6,950.956
"TEL.NAOMI.FLUX_AT2";"2023-10-21T01:25:59-03:00";7,113.339
"TEL.NAOMI.FLUX_AT2";"2023-10-21T01:26:29-03:00";7,061.23
"TEL.NAOMI.FLUX_AT2";"2023-10-21T01:28:59-03:00";7,184.939
"TEL.NAOMI.FLUX_AT2";"2023-10-21T01:29:29-03:00";6,863.105
"TEL.NAOMI.FLUX_AT2";"2023-10-21T01:29:59-03:00";7,118.117
"TEL.NAOMI.FLUX_AT2";"2023-10-21T01:30:29-03:00";7,228.349
"TEL.NAOMI.FLUX_AT2";"2023-10-21T01:30:59-03:00";7,127.181
"TEL.NAOMI.FLUX_AT2";"2023-10-21T01:31:29-03:00";6,979.935
"TEL.NAOMI.FLUX_AT2";"2023-10-21T01:31:59-03:00";6,970.792
"TEL.NAOMI.FLUX_AT2";"2023-10-21T01:32:29-03:00";7,102.025
"TEL.NAOMI.FLUX_AT2";"2023-10-21T01:32:59-03:00";7,197.39
"TEL.NAOMI.FLUX_AT2";"2023-10-21T01:33:29-03:00";7,183.132
"TEL.NAOMI.FLUX_AT2";"2023-10-21T01:33:59-03:00";7,318.989
"TEL.NAOMI.FLUX_AT2";"2023-10-21T01:34:29-03:00";7,190.198
"TEL.NAOMI.FLUX_AT2";"2023-10-21T01:34:59-03:00";7,027.159
"TEL.NAOMI.FLUX_AT2";"2023-10-21T01:35:29-03:00";6,716.407
"TEL.NAOMI.FLUX_AT2";"2023-10-21T01:35:59-03:00";7,063.842
"TEL.NAOMI.FLUX_AT2";"2023-10-21T01:36:29-03:00";7,127.879
"TEL.NAOMI.FLUX_AT2";"2023-10-21T01:36:59-03:00";7,177.7
"TEL.NAOMI.FLUX_AT2";"2023-10-21T01:37:29-03:00";7,098.072
"TEL.NAOMI.FLUX_AT2";"2023-10-21T01:37:59-03:00";7,394.35
"TEL.NAOMI.FLUX_AT2";"2023-10-21T01:38:29-03:00";7,171.82
"TEL.NAOMI.FLUX_AT2";"2023-10-21T01:38:59-03:00";7,006.43
"TEL.NAOMI.FLUX_AT2";"2023-10-21T01:39:29-03:00";7,112.939
"TEL.NAOMI.FLUX_AT2";"2023-10-21T01:39:59-03:00";7,112.4
"TEL.NAOMI.FLUX_AT2";"2023-10-21T01:40:29-03:00";7,056.173
"TEL.NAOMI.FLUX_AT2";"2023-10-21T01:40:59-03:00";6,818.986
"TEL.NAOMI.FLUX_AT2";"2023-10-21T01:41:29-03:00";6,961.751
"TEL.NAOMI.FLUX_AT2";"2023-10-21T01:41:59-03:00";7,095.346
"TEL.NAOMI.FLUX_AT2";"2023-10-21T01:42:29-03:00";7,099.315
"TEL.NAOMI.FLUX_AT2";"2023-10-21T01:42:59-03:00";7,131.798
"TEL.NAOMI.FLUX_AT2";"2023-10-21T01:43:29-03:00";7,054.753
"TEL.NAOMI.FLUX_AT2";"2023-10-21T01:43:59-03:00";7,018.415
"TEL.NAOMI.FLUX_AT2";"2023-10-21T01:44:29-03:00";6,819.633
"TEL.NAOMI.FLUX_AT2";"2023-10-21T01:44:59-03:00";7,004.605
"TEL.NAOMI.FLUX_AT2";"2023-10-21T01:45:29-03:00";7,073.595
"TEL.NAOMI.FLUX_AT2";"2023-10-21T01:45:59-03:00";7,129.832
"TEL.NAOMI.FLUX_AT2";"2023-10-21T01:46:29-03:00";6,989.72
"TEL.NAOMI.FLUX_AT2";"2023-10-21T01:48:29-03:00";1,889.54
"TEL.NAOMI.FLUX_AT2";"2023-10-21T01:48:59-03:00";1,854.668
"TEL.NAOMI.FLUX_AT2";"2023-10-21T01:49:29-03:00";1,846.675
"TEL.NAOMI.FLUX_AT2";"2023-10-21T01:49:59-03:00";1,818.387
"TEL.NAOMI.FLUX_AT2";"2023-10-21T01:50:29-03:00";1,829.511
"TEL.NAOMI.FLUX_AT2";"2023-10-21T01:50:59-03:00";1,849.435
"TEL.NAOMI.FLUX_AT2";"2023-10-21T01:51:29-03:00";1,803.633
"TEL.NAOMI.FLUX_AT2";"2023-10-21T01:53:59-03:00";1,871.698
"TEL.NAOMI.FLUX_AT2";"2023-10-21T01:54:29-03:00";1,847.457
"TEL.NAOMI.FLUX_AT2";"2023-10-21T01:54:59-03:00";1,875.335
"TEL.NAOMI.FLUX_AT2";"2023-10-21T01:55:29-03:00";1,858.209
"TEL.NAOMI.FLUX_AT2";"2023-10-21T01:55:59-03:00";1,875.047
"TEL.NAOMI.FLUX_AT2";"2023-10-21T01:56:29-03:00";1,902.481
"TEL.NAOMI.FLUX_AT2";"2023-10-21T01:56:59-03:00";1,923.948
"TEL.NAOMI.FLUX_AT2";"2023-10-21T01:57:29-03:00";1,901.238
"TEL.NAOMI.FLUX_AT2";"2023-10-21T01:57:59-03:00";1,893.958
"TEL.NAOMI.FLUX_AT2";"2023-10-21T01:58:29-03:00";1,899.704
"TEL.NAOMI.FLUX_AT2";"2023-10-21T01:58:59-03:00";1,865.568
"TEL.NAOMI.FLUX_AT2";"2023-10-21T01:59:29-03:00";1,864.656
"TEL.NAOMI.FLUX_AT2";"2023-10-21T01:59:59-03:00";1,862.573
"TEL.NAOMI.FLUX_AT2";"2023-10-21T02:00:29-03:00";1,886.409
"TEL.NAOMI.FLUX_AT2";"2023-10-21T02:00:59-03:00";1,844.385
"TEL.NAOMI.FLUX_AT2";"2023-10-21T02:01:29-03:00";1,778.277
"TEL.NAOMI.FLUX_AT2";"2023-10-21T02:01:59-03:00";1,755.105
"TEL.NAOMI.FLUX_AT2";"2023-10-21T02:02:29-03:00";1,794.707
"TEL.NAOMI.FLUX_AT2";"2023-10-21T02:02:59-03:00";1,815.852
"TEL.NAOMI.FLUX_AT2";"2023-10-21T02:03:29-03:00";1,719.995
"TEL.NAOMI.FLUX_AT2";"2023-10-21T02:03:59-03:00";1,795.741
"TEL.NAOMI.FLUX_AT2";"2023-10-21T02:04:29-03:00";1,811.396
"TEL.NAOMI.FLUX_AT2";"2023-10-21T02:04:59-03:00";1,885.562
"TEL.NAOMI.FLUX_AT2";"2023-10-21T02:05:29-03:00";1,799.137
"TEL.NAOMI.FLUX_AT2";"2023-10-21T02:05:59-03:00";1,869.606
"TEL.NAOMI.FLUX_AT2";"2023-10-21T02:06:29-03:00";1,881.644
"TEL.NAOMI.FLUX_AT2";"2023-10-21T02:06:59-03:00";1,828.701
"TEL.NAOMI.FLUX_AT2";"2023-10-21T02:07:29-03:00";1,821.083
"TEL.NAOMI.FLUX_AT2";"2023-10-21T02:07:59-03:00";1,863.294
"TEL.NAOMI.FLUX_AT2";"2023-10-21T02:08:29-03:00";1,832.482
"TEL.NAOMI.FLUX_AT2";"2023-10-21T02:08:59-03:00";1,811.798
"TEL.NAOMI.FLUX_AT2";"2023-10-21T02:09:29-03:00";1,823.433
"TEL.NAOMI.FLUX_AT2";"2023-10-21T02:09:59-03:00";1,830.542
"TEL.NAOMI.FLUX_AT2";"2023-10-21T02:10:29-03:00";1,832.834
"TEL.NAOMI.FLUX_AT2";"2023-10-21T02:10:59-03:00";1,858.527
"TEL.NAOMI.FLUX_AT2";"2023-10-21T02:11:29-03:00";1,836.745
"TEL.NAOMI.FLUX_AT2";"2023-10-21T02:11:59-03:00";1,870.558
"TEL.NAOMI.FLUX_AT2";"2023-10-21T02:12:29-03:00";1,820.739
"TEL.NAOMI.FLUX_AT2";"2023-10-21T02:12:59-03:00";1,867.292
"TEL.NAOMI.FLUX_AT2";"2023-10-21T02:13:29-03:00";1,824.709
"TEL.NAOMI.FLUX_AT2";"2023-10-21T02:13:59-03:00";1,856.315
"TEL.NAOMI.FLUX_AT2";"2023-10-21T02:15:59-03:00";54.111
"TEL.NAOMI.FLUX_AT2";"2023-10-21T02:16:29-03:00";54.76
"TEL.NAOMI.FLUX_AT2";"2023-10-21T02:16:59-03:00";54.738
"TEL.NAOMI.FLUX_AT2";"2023-10-21T02:17:29-03:00";55.046
"TEL.NAOMI.FLUX_AT2";"2023-10-21T02:17:59-03:00";54.63
"TEL.NAOMI.FLUX_AT2";"2023-10-21T02:18:29-03:00";57.15
"TEL.NAOMI.FLUX_AT2";"2023-10-21T02:18:59-03:00";56.21
"TEL.NAOMI.FLUX_AT2";"2023-10-21T02:19:29-03:00";55.979
"TEL.NAOMI.FLUX_AT2";"2023-10-21T02:19:59-03:00";55.87
"TEL.NAOMI.FLUX_AT2";"2023-10-21T02:20:29-03:00";54.551
"TEL.NAOMI.FLUX_AT2";"2023-10-21T02:23:29-03:00";53.415
"TEL.NAOMI.FLUX_AT2";"2023-10-21T02:23:59-03:00";54.261
"TEL.NAOMI.FLUX_AT2";"2023-10-21T02:24:29-03:00";56.573
"TEL.NAOMI.FLUX_AT2";"2023-10-21T02:24:59-03:00";55.881
"TEL.NAOMI.FLUX_AT2";"2023-10-21T02:25:29-03:00";53.908
"TEL.NAOMI.FLUX_AT2";"2023-10-21T02:25:59-03:00";54.613
"TEL.NAOMI.FLUX_AT2";"2023-10-21T02:26:29-03:00";55.143
"TEL.NAOMI.FLUX_AT2";"2023-10-21T02:26:59-03:00";55.748
"TEL.NAOMI.FLUX_AT2";"2023-10-21T02:27:29-03:00";54.654
"TEL.NAOMI.FLUX_AT2";"2023-10-21T02:27:59-03:00";54.085
"TEL.NAOMI.FLUX_AT2";"2023-10-21T02:28:29-03:00";56.005
"TEL.NAOMI.FLUX_AT2";"2023-10-21T02:28:59-03:00";56.528
"TEL.NAOMI.FLUX_AT2";"2023-10-21T02:29:29-03:00";54.307
"TEL.NAOMI.FLUX_AT2";"2023-10-21T02:29:59-03:00";57.674
"TEL.NAOMI.FLUX_AT2";"2023-10-21T02:30:29-03:00";55.236
"TEL.NAOMI.FLUX_AT2";"2023-10-21T02:30:59-03:00";58.651
"TEL.NAOMI.FLUX_AT2";"2023-10-21T02:31:29-03:00";59.677
"TEL.NAOMI.FLUX_AT2";"2023-10-21T02:31:59-03:00";58.049
"TEL.NAOMI.FLUX_AT2";"2023-10-21T02:32:29-03:00";58.333
"TEL.NAOMI.FLUX_AT2";"2023-10-21T02:32:59-03:00";58.702
"TEL.NAOMI.FLUX_AT2";"2023-10-21T02:33:29-03:00";57.381
"TEL.NAOMI.FLUX_AT2";"2023-10-21T02:33:59-03:00";58.022
"TEL.NAOMI.FLUX_AT2";"2023-10-21T02:34:29-03:00";58.557
"TEL.NAOMI.FLUX_AT2";"2023-10-21T02:34:59-03:00";57.898
"TEL.NAOMI.FLUX_AT2";"2023-10-21T02:35:29-03:00";58.627
"TEL.NAOMI.FLUX_AT2";"2023-10-21T02:35:59-03:00";58.539
"TEL.NAOMI.FLUX_AT2";"2023-10-21T02:36:29-03:00";56.309
"TEL.NAOMI.FLUX_AT2";"2023-10-21T02:36:59-03:00";57.452
"TEL.NAOMI.FLUX_AT2";"2023-10-21T02:37:29-03:00";58.306
"TEL.NAOMI.FLUX_AT2";"2023-10-21T02:37:59-03:00";57.246
"TEL.NAOMI.FLUX_AT2";"2023-10-21T02:38:29-03:00";57.362
"TEL.NAOMI.FLUX_AT2";"2023-10-21T02:38:59-03:00";58.46
"TEL.NAOMI.FLUX_AT2";"2023-10-21T02:39:29-03:00";57.522
"TEL.NAOMI.FLUX_AT2";"2023-10-21T02:39:59-03:00";56.102
"TEL.NAOMI.FLUX_AT2";"2023-10-21T02:40:29-03:00";58.15
"TEL.NAOMI.FLUX_AT2";"2023-10-21T02:40:59-03:00";57.478
"TEL.NAOMI.FLUX_AT2";"2023-10-21T02:41:29-03:00";56.801
"TEL.NAOMI.FLUX_AT2";"2023-10-21T02:41:59-03:00";57.286
"TEL.NAOMI.FLUX_AT2";"2023-10-21T02:43:29-03:00";6,186.107
"TEL.NAOMI.FLUX_AT2";"2023-10-21T02:43:59-03:00";6,273.494
"TEL.NAOMI.FLUX_AT2";"2023-10-21T02:44:29-03:00";6,635.687
"TEL.NAOMI.FLUX_AT2";"2023-10-21T02:44:59-03:00";6,455.602
"TEL.NAOMI.FLUX_AT2";"2023-10-21T02:45:29-03:00";6,412.757
"TEL.NAOMI.FLUX_AT2";"2023-10-21T02:45:59-03:00";5,907.694
"TEL.NAOMI.FLUX_AT2";"2023-10-21T02:46:29-03:00";6,284.397
"TEL.NAOMI.FLUX_AT2";"2023-10-21T02:46:59-03:00";6,439.252
"TEL.NAOMI.FLUX_AT2";"2023-10-21T02:47:29-03:00";6,587.616
"TEL.NAOMI.FLUX_AT2";"2023-10-21T02:47:59-03:00";6,461.306
"TEL.NAOMI.FLUX_AT2";"2023-10-21T02:50:59-03:00";6,650.942
"TEL.NAOMI.FLUX_AT2";"2023-10-21T02:51:29-03:00";6,740.884
"TEL.NAOMI.FLUX_AT2";"2023-10-21T02:51:59-03:00";6,696.604
"TEL.NAOMI.FLUX_AT2";"2023-10-21T02:52:29-03:00";6,577.944
"TEL.NAOMI.FLUX_AT2";"2023-10-21T02:52:59-03:00";6,555.24
"TEL.NAOMI.FLUX_AT2";"2023-10-21T02:53:29-03:00";6,535.184
"TEL.NAOMI.FLUX_AT2";"2023-10-21T02:53:59-03:00";6,667.83
"TEL.NAOMI.FLUX_AT2";"2023-10-21T02:54:29-03:00";6,588.599
"TEL.NAOMI.FLUX_AT2";"2023-10-21T02:54:59-03:00";6,673.445
"TEL.NAOMI.FLUX_AT2";"2023-10-21T02:55:29-03:00";6,679.762
"TEL.NAOMI.FLUX_AT2";"2023-10-21T02:55:59-03:00";6,705.391
"TEL.NAOMI.FLUX_AT2";"2023-10-21T02:56:29-03:00";6,701.634
"TEL.NAOMI.FLUX_AT2";"2023-10-21T02:56:59-03:00";6,708.887
"TEL.NAOMI.FLUX_AT2";"2023-10-21T02:57:29-03:00";6,641.607
"TEL.NAOMI.FLUX_AT2";"2023-10-21T02:57:59-03:00";6,592.277
"TEL.NAOMI.FLUX_AT2";"2023-10-21T02:58:29-03:00";6,535.528
"TEL.NAOMI.FLUX_AT2";"2023-10-21T02:58:59-03:00";6,532.386
"TEL.NAOMI.FLUX_AT2";"2023-10-21T02:59:29-03:00";6,546.47
"TEL.NAOMI.FLUX_AT2";"2023-10-21T02:59:59-03:00";6,500.071
"TEL.NAOMI.FLUX_AT2";"2023-10-21T03:00:29-03:00";6,625.444
"TEL.NAOMI.FLUX_AT2";"2023-10-21T03:00:59-03:00";6,693.754
"TEL.NAOMI.FLUX_AT2";"2023-10-21T03:01:29-03:00";6,541.735
"TEL.NAOMI.FLUX_AT2";"2023-10-21T03:01:59-03:00";6,502.252
"TEL.NAOMI.FLUX_AT2";"2023-10-21T03:02:29-03:00";6,624.611
"TEL.NAOMI.FLUX_AT2";"2023-10-21T03:02:59-03:00";6,634.127
"TEL.NAOMI.FLUX_AT2";"2023-10-21T03:03:29-03:00";6,786.859
"TEL.NAOMI.FLUX_AT2";"2023-10-21T03:03:59-03:00";6,779.157
"TEL.NAOMI.FLUX_AT2";"2023-10-21T03:04:29-03:00";6,705.253
"TEL.NAOMI.FLUX_AT2";"2023-10-21T03:04:59-03:00";6,783.925
"TEL.NAOMI.FLUX_AT2";"2023-10-21T03:05:29-03:00";6,723.327
"TEL.NAOMI.FLUX_AT2";"2023-10-21T03:05:59-03:00";6,527.791
"TEL.NAOMI.FLUX_AT2";"2023-10-21T03:06:29-03:00";6,694.477
"TEL.NAOMI.FLUX_AT2";"2023-10-21T03:06:59-03:00";6,774.623
"TEL.NAOMI.FLUX_AT2";"2023-10-21T03:07:29-03:00";6,754.23
"TEL.NAOMI.FLUX_AT2";"2023-10-21T03:07:59-03:00";6,773.701
"TEL.NAOMI.FLUX_AT2";"2023-10-21T03:08:29-03:00";6,666.815
"TEL.NAOMI.FLUX_AT2";"2023-10-21T03:08:59-03:00";6,413.16
"TEL.NAOMI.FLUX_AT2";"2023-10-21T03:09:29-03:00";6,378.836
"TEL.NAOMI.FLUX_AT2";"2023-10-21T03:09:59-03:00";6,686.959
"TEL.NAOMI.FLUX_AT2";"2023-10-21T03:10:29-03:00";6,766.092
"TEL.NAOMI.FLUX_AT2";"2023-10-21T03:10:59-03:00";6,852.286
"TEL.NAOMI.FLUX_AT2";"2023-10-21T03:11:29-03:00";6,842.806
"TEL.NAOMI.FLUX_AT2";"2023-10-21T03:11:59-03:00";6,628.944
"TEL.NAOMI.FLUX_AT2";"2023-10-21T03:12:29-03:00";6,678.106
"TEL.NAOMI.FLUX_AT2";"2023-10-21T03:12:59-03:00";6,733.182
"TEL.NAOMI.FLUX_AT2";"2023-10-21T03:14:59-03:00";8,993.358
"TEL.NAOMI.FLUX_AT2";"2023-10-21T03:15:29-03:00";9,445.255
"TEL.NAOMI.FLUX_AT2";"2023-10-21T03:17:59-03:00";9,373.562
"TEL.NAOMI.FLUX_AT2";"2023-10-21T03:18:29-03:00";9,434.067
"TEL.NAOMI.FLUX_AT2";"2023-10-21T03:18:59-03:00";9,314.125
"TEL.NAOMI.FLUX_AT2";"2023-10-21T03:19:29-03:00";9,392.013
"TEL.NAOMI.FLUX_AT2";"2023-10-21T03:19:59-03:00";9,317.396
"TEL.NAOMI.FLUX_AT2";"2023-10-21T03:20:29-03:00";9,359.239
"TEL.NAOMI.FLUX_AT2";"2023-10-21T03:20:59-03:00";9,349.178
"TEL.NAOMI.FLUX_AT2";"2023-10-21T03:21:29-03:00";9,359.898
"TEL.NAOMI.FLUX_AT2";"2023-10-21T03:21:59-03:00";9,347.503
"TEL.NAOMI.FLUX_AT2";"2023-10-21T03:22:29-03:00";9,418.957
"TEL.NAOMI.FLUX_AT2";"2023-10-21T03:22:59-03:00";9,323.353
"TEL.NAOMI.FLUX_AT2";"2023-10-21T03:23:29-03:00";9,333.161
"TEL.NAOMI.FLUX_AT2";"2023-10-21T03:23:59-03:00";9,121.442
"TEL.NAOMI.FLUX_AT2";"2023-10-21T03:24:29-03:00";9,331.743
"TEL.NAOMI.FLUX_AT2";"2023-10-21T03:24:59-03:00";9,303.863
"TEL.NAOMI.FLUX_AT2";"2023-10-21T03:25:29-03:00";9,232.423
"TEL.NAOMI.FLUX_AT2";"2023-10-21T03:25:59-03:00";9,161.839
"TEL.NAOMI.FLUX_AT2";"2023-10-21T03:26:29-03:00";9,105.953
"TEL.NAOMI.FLUX_AT2";"2023-10-21T03:26:59-03:00";9,136.048
"TEL.NAOMI.FLUX_AT2";"2023-10-21T03:27:29-03:00";9,103.561
"TEL.NAOMI.FLUX_AT2";"2023-10-21T03:27:59-03:00";9,181.984
"TEL.NAOMI.FLUX_AT2";"2023-10-21T03:28:29-03:00";9,189.948
"TEL.NAOMI.FLUX_AT2";"2023-10-21T03:28:59-03:00";9,189.705
"TEL.NAOMI.FLUX_AT2";"2023-10-21T03:29:29-03:00";9,158.83
"TEL.NAOMI.FLUX_AT2";"2023-10-21T03:29:59-03:00";9,066.724
"TEL.NAOMI.FLUX_AT2";"2023-10-21T03:30:29-03:00";9,166.637
"TEL.NAOMI.FLUX_AT2";"2023-10-21T03:30:59-03:00";9,333.675
"TEL.NAOMI.FLUX_AT2";"2023-10-21T03:31:29-03:00";9,271.716
"TEL.NAOMI.FLUX_AT2";"2023-10-21T03:31:59-03:00";9,224.179
"TEL.NAOMI.FLUX_AT2";"2023-10-21T03:32:29-03:00";9,109.769
"TEL.NAOMI.FLUX_AT2";"2023-10-21T03:32:59-03:00";9,091.974
"TEL.NAOMI.FLUX_AT2";"2023-10-21T03:33:29-03:00";9,166.323
"TEL.NAOMI.FLUX_AT2";"2023-10-21T03:33:59-03:00";9,061.724
"TEL.NAOMI.FLUX_AT2";"2023-10-21T03:34:29-03:00";9,158.879
"TEL.NAOMI.FLUX_AT2";"2023-10-21T03:34:59-03:00";9,260.145
"TEL.NAOMI.FLUX_AT2";"2023-10-21T03:35:29-03:00";9,131.794
"TEL.NAOMI.FLUX_AT2";"2023-10-21T03:35:59-03:00";9,073.388
"TEL.NAOMI.FLUX_AT2";"2023-10-21T03:36:29-03:00";9,199.029
"TEL.NAOMI.FLUX_AT2";"2023-10-21T03:36:59-03:00";9,271.879
"TEL.NAOMI.FLUX_AT2";"2023-10-21T03:39:29-03:00";2.071
"TEL.NAOMI.FLUX_AT2";"2023-10-21T03:39:59-03:00";2.045
"TEL.NAOMI.FLUX_AT2";"2023-10-21T03:40:29-03:00";2.184
"TEL.NAOMI.FLUX_AT2";"2023-10-21T03:42:59-03:00";2.263
"TEL.NAOMI.FLUX_AT2";"2023-10-21T03:43:30-03:00";2.188
"TEL.NAOMI.FLUX_AT2";"2023-10-21T03:44:00-03:00";2.203
"TEL.NAOMI.FLUX_AT2";"2023-10-21T03:44:30-03:00";2.2
"TEL.NAOMI.FLUX_AT2";"2023-10-21T03:45:00-03:00";2.227
"TEL.NAOMI.FLUX_AT2";"2023-10-21T03:45:30-03:00";2.2
"TEL.NAOMI.FLUX_AT2";"2023-10-21T03:46:00-03:00";2.209
"TEL.NAOMI.FLUX_AT2";"2023-10-21T03:46:30-03:00";2.168
"TEL.NAOMI.FLUX_AT2";"2023-10-21T03:47:00-03:00";2.224
"TEL.NAOMI.FLUX_AT2";"2023-10-21T03:47:30-03:00";2.228
"TEL.NAOMI.FLUX_AT2";"2023-10-21T03:48:00-03:00";2.228
"TEL.NAOMI.FLUX_AT2";"2023-10-21T03:48:30-03:00";2.247
"TEL.NAOMI.FLUX_AT2";"2023-10-21T03:49:00-03:00";2.267
"TEL.NAOMI.FLUX_AT2";"2023-10-21T03:49:30-03:00";2.243
"TEL.NAOMI.FLUX_AT2";"2023-10-21T03:50:00-03:00";2.256
"TEL.NAOMI.FLUX_AT2";"2023-10-21T03:50:30-03:00";2.196
"TEL.NAOMI.FLUX_AT2";"2023-10-21T03:51:00-03:00";2.371
"TEL.NAOMI.FLUX_AT2";"2023-10-21T03:51:30-03:00";2.211
"TEL.NAOMI.FLUX_AT2";"2023-10-21T03:52:00-03:00";2.241
"TEL.NAOMI.FLUX_AT2";"2023-10-21T03:52:30-03:00";2.358
"TEL.NAOMI.FLUX_AT2";"2023-10-21T03:53:00-03:00";2.199
"TEL.NAOMI.FLUX_AT2";"2023-10-21T03:53:30-03:00";2.189
"TEL.NAOMI.FLUX_AT2";"2023-10-21T03:54:00-03:00";2.269
"TEL.NAOMI.FLUX_AT2";"2023-10-21T03:54:30-03:00";2.238
"TEL.NAOMI.FLUX_AT2";"2023-10-21T03:55:00-03:00";2.189
"TEL.NAOMI.FLUX_AT2";"2023-10-21T03:55:30-03:00";2.233
"TEL.NAOMI.FLUX_AT2";"2023-10-21T03:56:00-03:00";2.183
"TEL.NAOMI.FLUX_AT2";"2023-10-21T03:56:30-03:00";2.183
"TEL.NAOMI.FLUX_AT2";"2023-10-21T03:57:00-03:00";2.248
"TEL.NAOMI.FLUX_AT2";"2023-10-21T03:57:30-03:00";2.259
"TEL.NAOMI.FLUX_AT2";"2023-10-21T03:58:00-03:00";2.172
"TEL.NAOMI.FLUX_AT2";"2023-10-21T03:58:30-03:00";2.249
"TEL.NAOMI.FLUX_AT2";"2023-10-21T03:59:00-03:00";2.185
"TEL.NAOMI.FLUX_AT2";"2023-10-21T03:59:30-03:00";2.201
"TEL.NAOMI.FLUX_AT2";"2023-10-21T04:00:00-03:00";2.124
"TEL.NAOMI.FLUX_AT2";"2023-10-21T04:00:30-03:00";2.186
"TEL.NAOMI.FLUX_AT2";"2023-10-21T04:02:30-03:00";208.453
"TEL.NAOMI.FLUX_AT2";"2023-10-21T04:03:00-03:00";210.181
"TEL.NAOMI.FLUX_AT2";"2023-10-21T04:05:30-03:00";207.313
"TEL.NAOMI.FLUX_AT2";"2023-10-21T04:06:00-03:00";205.263
"TEL.NAOMI.FLUX_AT2";"2023-10-21T04:06:30-03:00";210.203
"TEL.NAOMI.FLUX_AT2";"2023-10-21T04:07:00-03:00";207.659
"TEL.NAOMI.FLUX_AT2";"2023-10-21T04:07:30-03:00";208.978
"TEL.NAOMI.FLUX_AT2";"2023-10-21T04:08:00-03:00";208.313
"TEL.NAOMI.FLUX_AT2";"2023-10-21T04:08:30-03:00";211.637
"TEL.NAOMI.FLUX_AT2";"2023-10-21T04:09:00-03:00";209.854
"TEL.NAOMI.FLUX_AT2";"2023-10-21T04:09:30-03:00";210.479
"TEL.NAOMI.FLUX_AT2";"2023-10-21T04:10:00-03:00";207.638
"TEL.NAOMI.FLUX_AT2";"2023-10-21T04:10:30-03:00";212.369
"TEL.NAOMI.FLUX_AT2";"2023-10-21T04:11:00-03:00";207.872
"TEL.NAOMI.FLUX_AT2";"2023-10-21T04:11:30-03:00";204.325
"TEL.NAOMI.FLUX_AT2";"2023-10-21T04:12:00-03:00";206.522
"TEL.NAOMI.FLUX_AT2";"2023-10-21T04:15:00-03:00";204.761
"TEL.NAOMI.FLUX_AT2";"2023-10-21T04:15:30-03:00";201.033
"TEL.NAOMI.FLUX_AT2";"2023-10-21T04:16:00-03:00";203.777
"TEL.NAOMI.FLUX_AT2";"2023-10-21T04:16:30-03:00";207.027
"TEL.NAOMI.FLUX_AT2";"2023-10-21T04:17:00-03:00";192.322
"TEL.NAOMI.FLUX_AT2";"2023-10-21T04:18:00-03:00";204.668
"TEL.NAOMI.FLUX_AT2";"2023-10-21T04:18:30-03:00";207.01
"TEL.NAOMI.FLUX_AT2";"2023-10-21T04:19:00-03:00";202.225
"TEL.NAOMI.FLUX_AT2";"2023-10-21T04:19:30-03:00";202.037
"TEL.NAOMI.FLUX_AT2";"2023-10-21T04:20:00-03:00";202.844
"TEL.NAOMI.FLUX_AT2";"2023-10-21T04:20:30-03:00";208.384
"TEL.NAOMI.FLUX_AT2";"2023-10-21T04:21:00-03:00";210.256
"TEL.NAOMI.FLUX_AT2";"2023-10-21T04:21:30-03:00";205.798
"TEL.NAOMI.FLUX_AT2";"2023-10-21T04:22:00-03:00";214.906
"TEL.NAOMI.FLUX_AT2";"2023-10-21T04:22:30-03:00";203.044
"TEL.NAOMI.FLUX_AT2";"2023-10-21T04:23:00-03:00";202.884
"TEL.NAOMI.FLUX_AT2";"2023-10-21T04:23:30-03:00";205.649
"TEL.NAOMI.FLUX_AT2";"2023-10-21T04:24:00-03:00";206.921
"TEL.NAOMI.FLUX_AT2";"2023-10-21T04:24:30-03:00";203.945
"TEL.NAOMI.FLUX_AT2";"2023-10-21T04:25:00-03:00";205.497
"TEL.NAOMI.FLUX_AT2";"2023-10-21T04:25:30-03:00";204.248
"TEL.NAOMI.FLUX_AT2";"2023-10-21T04:26:00-03:00";202.855
"TEL.NAOMI.FLUX_AT2";"2023-10-21T04:26:30-03:00";188.899
"TEL.NAOMI.FLUX_AT2";"2023-10-21T04:27:00-03:00";196.25
"TEL.NAOMI.FLUX_AT2";"2023-10-21T04:27:30-03:00";200.854
"TEL.NAOMI.FLUX_AT2";"2023-10-21T04:28:00-03:00";202.535
"TEL.NAOMI.FLUX_AT2";"2023-10-21T04:28:30-03:00";204.828
"TEL.NAOMI.FLUX_AT2";"2023-10-21T04:29:00-03:00";201.263
"TEL.NAOMI.FLUX_AT2";"2023-10-21T04:29:30-03:00";206.817
"TEL.NAOMI.FLUX_AT2";"2023-10-21T04:30:00-03:00";201.965
"TEL.NAOMI.FLUX_AT2";"2023-10-21T04:30:30-03:00";204.498
"TEL.NAOMI.FLUX_AT2";"2023-10-21T04:31:00-03:00";210.882
"TEL.NAOMI.FLUX_AT2";"2023-10-21T04:31:30-03:00";206.709
"TEL.NAOMI.FLUX_AT2";"2023-10-21T04:32:00-03:00";202.43
"TEL.NAOMI.FLUX_AT2";"2023-10-21T04:32:30-03:00";203.276
"TEL.NAOMI.FLUX_AT2";"2023-10-21T04:33:00-03:00";196.804
"TEL.NAOMI.FLUX_AT2";"2023-10-21T04:33:30-03:00";206.943
"TEL.NAOMI.FLUX_AT2";"2023-10-21T04:34:00-03:00";199.803
"TEL.NAOMI.FLUX_AT2";"2023-10-21T04:34:30-03:00";208.293
"TEL.NAOMI.FLUX_AT2";"2023-10-21T04:35:00-03:00";192.136
"TEL.NAOMI.FLUX_AT2";"2023-10-21T04:35:30-03:00";205.395
"TEL.NAOMI.FLUX_AT2";"2023-10-21T04:36:00-03:00";195.478
"TEL.NAOMI.FLUX_AT2";"2023-10-21T04:36:30-03:00";206.354
"TEL.NAOMI.FLUX_AT3";"2023-10-21T00:44:50-03:00";3,547.347
"TEL.NAOMI.FLUX_AT3";"2023-10-21T00:45:20-03:00";3,526.019
"TEL.NAOMI.FLUX_AT3";"2023-10-21T00:45:50-03:00";3,548.725
"TEL.NAOMI.FLUX_AT3";"2023-10-21T00:46:20-03:00";3,552.069
"TEL.NAOMI.FLUX_AT3";"2023-10-21T00:46:50-03:00";3,578.211
"TEL.NAOMI.FLUX_AT3";"2023-10-21T00:47:20-03:00";3,479.516
"TEL.NAOMI.FLUX_AT3";"2023-10-21T00:47:50-03:00";3,463.34
"TEL.NAOMI.FLUX_AT3";"2023-10-21T00:48:20-03:00";3,466.973
"TEL.NAOMI.FLUX_AT3";"2023-10-21T00:48:50-03:00";3,497.382
"TEL.NAOMI.FLUX_AT3";"2023-10-21T00:49:20-03:00";3,522.85
"TEL.NAOMI.FLUX_AT3";"2023-10-21T00:49:50-03:00";3,539.278
"TEL.NAOMI.FLUX_AT3";"2023-10-21T00:50:20-03:00";3,473.356
"TEL.NAOMI.FLUX_AT3";"2023-10-21T00:50:50-03:00";3,439.818
"TEL.NAOMI.FLUX_AT3";"2023-10-21T00:51:20-03:00";3,516.644
"TEL.NAOMI.FLUX_AT3";"2023-10-21T00:51:50-03:00";3,453.19
"TEL.NAOMI.FLUX_AT3";"2023-10-21T00:52:20-03:00";3,475.696
"TEL.NAOMI.FLUX_AT3";"2023-10-21T00:52:50-03:00";3,534.784
"TEL.NAOMI.FLUX_AT3";"2023-10-21T00:53:20-03:00";3,477.51
"TEL.NAOMI.FLUX_AT3";"2023-10-21T00:53:50-03:00";3,503.504
"TEL.NAOMI.FLUX_AT3";"2023-10-21T00:54:20-03:00";3,474.388
"TEL.NAOMI.FLUX_AT3";"2023-10-21T00:54:50-03:00";3,536.425
"TEL.NAOMI.FLUX_AT3";"2023-10-21T00:55:20-03:00";3,498.634
"TEL.NAOMI.FLUX_AT3";"2023-10-21T00:55:50-03:00";3,519.664
"TEL.NAOMI.FLUX_AT3";"2023-10-21T00:56:20-03:00";3,473.681
"TEL.NAOMI.FLUX_AT3";"2023-10-21T00:56:50-03:00";3,468.675
"TEL.NAOMI.FLUX_AT3";"2023-10-21T00:57:20-03:00";3,488
"TEL.NAOMI.FLUX_AT3";"2023-10-21T00:57:50-03:00";3,509.589
"TEL.NAOMI.FLUX_AT3";"2023-10-21T00:58:20-03:00";3,423.96
"TEL.NAOMI.FLUX_AT3";"2023-10-21T00:58:50-03:00";3,496.478
"TEL.NAOMI.FLUX_AT3";"2023-10-21T00:59:20-03:00";3,446.098
"TEL.NAOMI.FLUX_AT3";"2023-10-21T00:59:50-03:00";3,356.658
"TEL.NAOMI.FLUX_AT3";"2023-10-21T01:00:20-03:00";3,419.388
"TEL.NAOMI.FLUX_AT3";"2023-10-21T01:00:50-03:00";3,439.942
"TEL.NAOMI.FLUX_AT3";"2023-10-21T01:01:20-03:00";3,439.048
"TEL.NAOMI.FLUX_AT3";"2023-10-21T01:01:50-03:00";3,488.223
"TEL.NAOMI.FLUX_AT3";"2023-10-21T01:02:20-03:00";3,410.956
"TEL.NAOMI.FLUX_AT3";"2023-10-21T01:02:50-03:00";3,454.877
"TEL.NAOMI.FLUX_AT3";"2023-10-21T01:03:20-03:00";3,383.838
"TEL.NAOMI.FLUX_AT3";"2023-10-21T01:03:50-03:00";3,484.562
"TEL.NAOMI.FLUX_AT3";"2023-10-21T01:04:20-03:00";3,449.956
"TEL.NAOMI.FLUX_AT3";"2023-10-21T01:04:50-03:00";3,528.688
"TEL.NAOMI.FLUX_AT3";"2023-10-21T01:05:20-03:00";3,499.714
"TEL.NAOMI.FLUX_AT3";"2023-10-21T01:05:50-03:00";3,444.02
"TEL.NAOMI.FLUX_AT3";"2023-10-21T01:06:20-03:00";3,461.931
"TEL.NAOMI.FLUX_AT3";"2023-10-21T01:06:50-03:00";3,419.351
"TEL.NAOMI.FLUX_AT3";"2023-10-21T01:07:20-03:00";3,399.716
"TEL.NAOMI.FLUX_AT3";"2023-10-21T01:07:50-03:00";3,403.645
"TEL.NAOMI.FLUX_AT3";"2023-10-21T01:08:20-03:00";3,432.808
"TEL.NAOMI.FLUX_AT3";"2023-10-21T01:08:50-03:00";3,459.343
"TEL.NAOMI.FLUX_AT3";"2023-10-21T01:09:20-03:00";3,489.837
"TEL.NAOMI.FLUX_AT3";"2023-10-21T01:09:50-03:00";3,498.533
"TEL.NAOMI.FLUX_AT3";"2023-10-21T01:10:20-03:00";3,381.055
"TEL.NAOMI.FLUX_AT3";"2023-10-21T01:10:50-03:00";3,358.907
"TEL.NAOMI.FLUX_AT3";"2023-10-21T01:11:20-03:00";3,458.487
"TEL.NAOMI.FLUX_AT3";"2023-10-21T01:11:50-03:00";3,478.81
"TEL.NAOMI.FLUX_AT3";"2023-10-21T01:12:20-03:00";3,527.217
"TEL.NAOMI.FLUX_AT3";"2023-10-21T01:12:50-03:00";3,470.469
"TEL.NAOMI.FLUX_AT3";"2023-10-21T01:13:20-03:00";3,385.24
"TEL.NAOMI.FLUX_AT3";"2023-10-21T01:13:50-03:00";3,404.096
"TEL.NAOMI.FLUX_AT3";"2023-10-21T01:14:20-03:00";3,165.702
"TEL.NAOMI.FLUX_AT3";"2023-10-21T01:14:50-03:00";3,302.201
"TEL.NAOMI.FLUX_AT3";"2023-10-21T01:15:20-03:00";3,417.498
"TEL.NAOMI.FLUX_AT3";"2023-10-21T01:15:50-03:00";3,515.584
"TEL.NAOMI.FLUX_AT3";"2023-10-21T01:16:20-03:00";3,495.031
"TEL.NAOMI.FLUX_AT3";"2023-10-21T01:16:50-03:00";3,462.496
"TEL.NAOMI.FLUX_AT3";"2023-10-21T01:17:20-03:00";3,458.195
"TEL.NAOMI.FLUX_AT3";"2023-10-21T01:17:50-03:00";3,483.452
"TEL.NAOMI.FLUX_AT3";"2023-10-21T01:18:20-03:00";3,412.059
"TEL.NAOMI.FLUX_AT3";"2023-10-21T01:22:20-03:00";5,409.723
"TEL.NAOMI.FLUX_AT3";"2023-10-21T01:22:50-03:00";5,479.459
"TEL.NAOMI.FLUX_AT3";"2023-10-21T01:23:20-03:00";5,438.646
"TEL.NAOMI.FLUX_AT3";"2023-10-21T01:23:50-03:00";5,511.368
"TEL.NAOMI.FLUX_AT3";"2023-10-21T01:24:20-03:00";5,599.484
"TEL.NAOMI.FLUX_AT3";"2023-10-21T01:24:50-03:00";5,560.31
"TEL.NAOMI.FLUX_AT3";"2023-10-21T01:25:20-03:00";5,526.771
"TEL.NAOMI.FLUX_AT3";"2023-10-21T01:25:50-03:00";5,672.125
"TEL.NAOMI.FLUX_AT3";"2023-10-21T01:26:20-03:00";5,662.844
"TEL.NAOMI.FLUX_AT3";"2023-10-21T01:28:50-03:00";5,739.585
"TEL.NAOMI.FLUX_AT3";"2023-10-21T01:29:20-03:00";5,639.233
"TEL.NAOMI.FLUX_AT3";"2023-10-21T01:29:50-03:00";5,791.774
"TEL.NAOMI.FLUX_AT3";"2023-10-21T01:30:20-03:00";5,854.976
"TEL.NAOMI.FLUX_AT3";"2023-10-21T01:30:50-03:00";5,649.502
"TEL.NAOMI.FLUX_AT3";"2023-10-21T01:31:20-03:00";5,728.259
"TEL.NAOMI.FLUX_AT3";"2023-10-21T01:31:50-03:00";5,638.573
"TEL.NAOMI.FLUX_AT3";"2023-10-21T01:32:20-03:00";5,560.029
"TEL.NAOMI.FLUX_AT3";"2023-10-21T01:32:50-03:00";5,818.49
"TEL.NAOMI.FLUX_AT3";"2023-10-21T01:33:20-03:00";5,847.65
"TEL.NAOMI.FLUX_AT3";"2023-10-21T01:33:50-03:00";5,779.34
"TEL.NAOMI.FLUX_AT3";"2023-10-21T01:34:20-03:00";5,894.506
"TEL.NAOMI.FLUX_AT3";"2023-10-21T01:34:50-03:00";5,660.044
"TEL.NAOMI.FLUX_AT3";"2023-10-21T01:35:20-03:00";5,820.869
"TEL.NAOMI.FLUX_AT3";"2023-10-21T01:35:50-03:00";5,677.716
"TEL.NAOMI.FLUX_AT3";"2023-10-21T01:36:20-03:00";5,754.283
"TEL.NAOMI.FLUX_AT3";"2023-10-21T01:36:50-03:00";5,640.719
"TEL.NAOMI.FLUX_AT3";"2023-10-21T01:37:20-03:00";5,721.953
"TEL.NAOMI.FLUX_AT3";"2023-10-21T01:37:50-03:00";5,614.703
"TEL.NAOMI.FLUX_AT3";"2023-10-21T01:38:20-03:00";5,717.745
"TEL.NAOMI.FLUX_AT3";"2023-10-21T01:38:50-03:00";5,676.578
"TEL.NAOMI.FLUX_AT3";"2023-10-21T01:39:20-03:00";5,697.315
"TEL.NAOMI.FLUX_AT3";"2023-10-21T01:39:50-03:00";5,551.186
"TEL.NAOMI.FLUX_AT3";"2023-10-21T01:40:20-03:00";5,557.29
"TEL.NAOMI.FLUX_AT3";"2023-10-21T01:40:50-03:00";5,526.712
"TEL.NAOMI.FLUX_AT3";"2023-10-21T01:41:20-03:00";5,690.577
"TEL.NAOMI.FLUX_AT3";"2023-10-21T01:41:50-03:00";5,514.583
"TEL.NAOMI.FLUX_AT3";"2023-10-21T01:42:20-03:00";5,789.551
"TEL.NAOMI.FLUX_AT3";"2023-10-21T01:42:50-03:00";5,715.788
"TEL.NAOMI.FLUX_AT3";"2023-10-21T01:43:20-03:00";5,663.897
"TEL.NAOMI.FLUX_AT3";"2023-10-21T01:43:50-03:00";5,542.207
"TEL.NAOMI.FLUX_AT3";"2023-10-21T01:44:20-03:00";5,368.252
"TEL.NAOMI.FLUX_AT3";"2023-10-21T01:44:50-03:00";5,672.021
"TEL.NAOMI.FLUX_AT3";"2023-10-21T01:45:20-03:00";5,603.248
"TEL.NAOMI.FLUX_AT3";"2023-10-21T01:45:50-03:00";5,677.002
"TEL.NAOMI.FLUX_AT3";"2023-10-21T01:46:20-03:00";5,812.887
"TEL.NAOMI.FLUX_AT3";"2023-10-21T01:48:20-03:00";1,574.698
"TEL.NAOMI.FLUX_AT3";"2023-10-21T01:48:50-03:00";1,575.259
"TEL.NAOMI.FLUX_AT3";"2023-10-21T01:49:20-03:00";1,582.92
"TEL.NAOMI.FLUX_AT3";"2023-10-21T01:49:50-03:00";1,540.097
"TEL.NAOMI.FLUX_AT3";"2023-10-21T01:50:20-03:00";1,584.426
"TEL.NAOMI.FLUX_AT3";"2023-10-21T01:50:50-03:00";1,571.436
"TEL.NAOMI.FLUX_AT3";"2023-10-21T01:51:20-03:00";1,578.376
"TEL.NAOMI.FLUX_AT3";"2023-10-21T01:53:50-03:00";1,571.271
"TEL.NAOMI.FLUX_AT3";"2023-10-21T01:54:20-03:00";1,529.9
"TEL.NAOMI.FLUX_AT3";"2023-10-21T01:54:50-03:00";1,603.06
"TEL.NAOMI.FLUX_AT3";"2023-10-21T01:55:20-03:00";1,624.195
"TEL.NAOMI.FLUX_AT3";"2023-10-21T01:55:50-03:00";1,622.759
"TEL.NAOMI.FLUX_AT3";"2023-10-21T01:56:20-03:00";1,658.457
"TEL.NAOMI.FLUX_AT3";"2023-10-21T01:56:50-03:00";1,619.559
"TEL.NAOMI.FLUX_AT3";"2023-10-21T01:57:20-03:00";1,610.615
"TEL.NAOMI.FLUX_AT3";"2023-10-21T01:57:50-03:00";1,652.621
"TEL.NAOMI.FLUX_AT3";"2023-10-21T01:58:20-03:00";1,649.38
"TEL.NAOMI.FLUX_AT3";"2023-10-21T01:58:50-03:00";1,613.841
"TEL.NAOMI.FLUX_AT3";"2023-10-21T01:59:20-03:00";1,595.724
"TEL.NAOMI.FLUX_AT3";"2023-10-21T01:59:50-03:00";1,606.337
"TEL.NAOMI.FLUX_AT3";"2023-10-21T02:00:20-03:00";1,563.254
"TEL.NAOMI.FLUX_AT3";"2023-10-21T02:00:50-03:00";1,610.273
"TEL.NAOMI.FLUX_AT3";"2023-10-21T02:01:20-03:00";1,533.529
"TEL.NAOMI.FLUX_AT3";"2023-10-21T02:01:50-03:00";1,576.388
"TEL.NAOMI.FLUX_AT3";"2023-10-21T02:02:20-03:00";1,590.104
"TEL.NAOMI.FLUX_AT3";"2023-10-21T02:02:50-03:00";1,458.71
"TEL.NAOMI.FLUX_AT3";"2023-10-21T02:03:20-03:00";1,535.539
"TEL.NAOMI.FLUX_AT3";"2023-10-21T02:03:50-03:00";1,530.395
"TEL.NAOMI.FLUX_AT3";"2023-10-21T02:04:20-03:00";1,577.854
"TEL.NAOMI.FLUX_AT3";"2023-10-21T02:04:50-03:00";1,573.729
"TEL.NAOMI.FLUX_AT3";"2023-10-21T02:05:20-03:00";1,601.142
"TEL.NAOMI.FLUX_AT3";"2023-10-21T02:05:50-03:00";1,548.058
"TEL.NAOMI.FLUX_AT3";"2023-10-21T02:06:20-03:00";1,593.227
"TEL.NAOMI.FLUX_AT3";"2023-10-21T02:06:50-03:00";1,469.156
"TEL.NAOMI.FLUX_AT3";"2023-10-21T02:07:20-03:00";1,613.492
"TEL.NAOMI.FLUX_AT3";"2023-10-21T02:07:50-03:00";1,524.611
"TEL.NAOMI.FLUX_AT3";"2023-10-21T02:08:20-03:00";1,545.199
"TEL.NAOMI.FLUX_AT3";"2023-10-21T02:08:50-03:00";1,549.139
"TEL.NAOMI.FLUX_AT3";"2023-10-21T02:09:20-03:00";1,545.669
"TEL.NAOMI.FLUX_AT3";"2023-10-21T02:09:50-03:00";1,545.734
"TEL.NAOMI.FLUX_AT3";"2023-10-21T02:10:20-03:00";1,516.83
"TEL.NAOMI.FLUX_AT3";"2023-10-21T02:10:50-03:00";1,580.393
"TEL.NAOMI.FLUX_AT3";"2023-10-21T02:11:20-03:00";1,586.121
"TEL.NAOMI.FLUX_AT3";"2023-10-21T02:11:50-03:00";1,580.626
"TEL.NAOMI.FLUX_AT3";"2023-10-21T02:12:20-03:00";1,587.52
"TEL.NAOMI.FLUX_AT3";"2023-10-21T02:12:50-03:00";1,589.568
"TEL.NAOMI.FLUX_AT3";"2023-10-21T02:13:20-03:00";1,603.588
"TEL.NAOMI.FLUX_AT3";"2023-10-21T02:13:50-03:00";1,606.107
"TEL.NAOMI.FLUX_AT3";"2023-10-21T02:16:21-03:00";41.104
"TEL.NAOMI.FLUX_AT3";"2023-10-21T02:16:51-03:00";40.539
"TEL.NAOMI.FLUX_AT3";"2023-10-21T02:17:21-03:00";43.241
"TEL.NAOMI.FLUX_AT3";"2023-10-21T02:17:51-03:00";42.372
"TEL.NAOMI.FLUX_AT3";"2023-10-21T02:18:21-03:00";40.353
"TEL.NAOMI.FLUX_AT3";"2023-10-21T02:18:51-03:00";43.277
"TEL.NAOMI.FLUX_AT3";"2023-10-21T02:19:21-03:00";43.82
"TEL.NAOMI.FLUX_AT3";"2023-10-21T02:19:51-03:00";37.722
"TEL.NAOMI.FLUX_AT3";"2023-10-21T02:20:21-03:00";43.933
"TEL.NAOMI.FLUX_AT3";"2023-10-21T02:20:51-03:00";42.402
"TEL.NAOMI.FLUX_AT3";"2023-10-21T02:23:21-03:00";44.158
"TEL.NAOMI.FLUX_AT3";"2023-10-21T02:23:51-03:00";44.127
"TEL.NAOMI.FLUX_AT3";"2023-10-21T02:24:21-03:00";43.564
"TEL.NAOMI.FLUX_AT3";"2023-10-21T02:24:51-03:00";43.782
"TEL.NAOMI.FLUX_AT3";"2023-10-21T02:25:21-03:00";43.731
"TEL.NAOMI.FLUX_AT3";"2023-10-21T02:25:51-03:00";41.442
"TEL.NAOMI.FLUX_AT3";"2023-10-21T02:26:21-03:00";42.382
"TEL.NAOMI.FLUX_AT3";"2023-10-21T02:26:51-03:00";44.737
"TEL.NAOMI.FLUX_AT3";"2023-10-21T02:27:21-03:00";42.996
"TEL.NAOMI.FLUX_AT3";"2023-10-21T02:27:51-03:00";44.327
"TEL.NAOMI.FLUX_AT3";"2023-10-21T02:28:21-03:00";43.239
"TEL.NAOMI.FLUX_AT3";"2023-10-21T02:28:51-03:00";45.287
"TEL.NAOMI.FLUX_AT3";"2023-10-21T02:29:21-03:00";44.459
"TEL.NAOMI.FLUX_AT3";"2023-10-21T02:29:51-03:00";45.371
"TEL.NAOMI.FLUX_AT3";"2023-10-21T02:30:21-03:00";44.439
"TEL.NAOMI.FLUX_AT3";"2023-10-21T02:30:51-03:00";43.572
"TEL.NAOMI.FLUX_AT3";"2023-10-21T02:31:21-03:00";43.887
"TEL.NAOMI.FLUX_AT3";"2023-10-21T02:31:51-03:00";43.742
"TEL.NAOMI.FLUX_AT3";"2023-10-21T02:32:21-03:00";42.606
"TEL.NAOMI.FLUX_AT3";"2023-10-21T02:32:51-03:00";44.502
"TEL.NAOMI.FLUX_AT3";"2023-10-21T02:33:21-03:00";43.062
"TEL.NAOMI.FLUX_AT3";"2023-10-21T02:33:51-03:00";43.67
"TEL.NAOMI.FLUX_AT3";"2023-10-21T02:34:21-03:00";43.187
"TEL.NAOMI.FLUX_AT3";"2023-10-21T02:34:51-03:00";44.673
"TEL.NAOMI.FLUX_AT3";"2023-10-21T02:35:21-03:00";44.222
"TEL.NAOMI.FLUX_AT3";"2023-10-21T02:35:51-03:00";45.464
"TEL.NAOMI.FLUX_AT3";"2023-10-21T02:36:21-03:00";44.199
"TEL.NAOMI.FLUX_AT3";"2023-10-21T02:36:51-03:00";40.256
"TEL.NAOMI.FLUX_AT3";"2023-10-21T02:37:21-03:00";44.564
"TEL.NAOMI.FLUX_AT3";"2023-10-21T02:37:51-03:00";43.889
"TEL.NAOMI.FLUX_AT3";"2023-10-21T02:38:21-03:00";42.255
"TEL.NAOMI.FLUX_AT3";"2023-10-21T02:38:51-03:00";44.497
"TEL.NAOMI.FLUX_AT3";"2023-10-21T02:39:21-03:00";44.06
"TEL.NAOMI.FLUX_AT3";"2023-10-21T02:39:51-03:00";43.198
"TEL.NAOMI.FLUX_AT3";"2023-10-21T02:40:21-03:00";43.465
"TEL.NAOMI.FLUX_AT3";"2023-10-21T02:40:51-03:00";41.994
"TEL.NAOMI.FLUX_AT3";"2023-10-21T02:41:21-03:00";42.417
"TEL.NAOMI.FLUX_AT3";"2023-10-21T02:41:51-03:00";28.719
"TEL.NAOMI.FLUX_AT3";"2023-10-21T02:43:51-03:00";5,370.42
"TEL.NAOMI.FLUX_AT3";"2023-10-21T02:44:21-03:00";5,406.582
"TEL.NAOMI.FLUX_AT3";"2023-10-21T02:44:51-03:00";5,454.699
"TEL.NAOMI.FLUX_AT3";"2023-10-21T02:45:21-03:00";5,209.343
"TEL.NAOMI.FLUX_AT3";"2023-10-21T02:45:51-03:00";5,205.492
"TEL.NAOMI.FLUX_AT3";"2023-10-21T02:46:21-03:00";5,101.736
"TEL.NAOMI.FLUX_AT3";"2023-10-21T02:46:51-03:00";5,216.773
"TEL.NAOMI.FLUX_AT3";"2023-10-21T02:47:21-03:00";5,409.818
"TEL.NAOMI.FLUX_AT3";"2023-10-21T02:47:51-03:00";5,136.437
"TEL.NAOMI.FLUX_AT3";"2023-10-21T02:48:21-03:00";5,000.052
"TEL.NAOMI.FLUX_AT3";"2023-10-21T02:50:51-03:00";5,274.875
"TEL.NAOMI.FLUX_AT3";"2023-10-21T02:51:21-03:00";5,594.822
"TEL.NAOMI.FLUX_AT3";"2023-10-21T02:51:51-03:00";5,556.326
"TEL.NAOMI.FLUX_AT3";"2023-10-21T02:52:21-03:00";5,352.632
"TEL.NAOMI.FLUX_AT3";"2023-10-21T02:52:51-03:00";5,355.499
"TEL.NAOMI.FLUX_AT3";"2023-10-21T02:53:21-03:00";5,322.39
"TEL.NAOMI.FLUX_AT3";"2023-10-21T02:53:51-03:00";5,499.267
"TEL.NAOMI.FLUX_AT3";"2023-10-21T02:54:21-03:00";5,501.676
"TEL.NAOMI.FLUX_AT3";"2023-10-21T02:54:51-03:00";5,532.825
"TEL.NAOMI.FLUX_AT3";"2023-10-21T02:55:21-03:00";5,476.115
"TEL.NAOMI.FLUX_AT3";"2023-10-21T02:55:51-03:00";5,408.59
"TEL.NAOMI.FLUX_AT3";"2023-10-21T02:56:21-03:00";5,406.044
"TEL.NAOMI.FLUX_AT3";"2023-10-21T02:56:51-03:00";5,457.192
"TEL.NAOMI.FLUX_AT3";"2023-10-21T02:57:21-03:00";5,359.777
"TEL.NAOMI.FLUX_AT3";"2023-10-21T02:57:51-03:00";5,406.706
"TEL.NAOMI.FLUX_AT3";"2023-10-21T02:58:21-03:00";5,221.25
"TEL.NAOMI.FLUX_AT3";"2023-10-21T02:58:51-03:00";5,285.807
"TEL.NAOMI.FLUX_AT3";"2023-10-21T02:59:21-03:00";5,393.383
"TEL.NAOMI.FLUX_AT3";"2023-10-21T02:59:51-03:00";5,300.562
"TEL.NAOMI.FLUX_AT3";"2023-10-21T03:00:21-03:00";5,210.798
"TEL.NAOMI.FLUX_AT3";"2023-10-21T03:00:51-03:00";5,174.251
"TEL.NAOMI.FLUX_AT3";"2023-10-21T03:01:21-03:00";5,188.841
"TEL.NAOMI.FLUX_AT3";"2023-10-21T03:01:51-03:00";5,029.04
"TEL.NAOMI.FLUX_AT3";"2023-10-21T03:02:21-03:00";5,321.583
"TEL.NAOMI.FLUX_AT3";"2023-10-21T03:02:51-03:00";5,502.258
"TEL.NAOMI.FLUX_AT3";"2023-10-21T03:03:21-03:00";5,396.935
"TEL.NAOMI.FLUX_AT3";"2023-10-21T03:03:51-03:00";5,346.026
"TEL.NAOMI.FLUX_AT3";"2023-10-21T03:04:21-03:00";5,493.296
"TEL.NAOMI.FLUX_AT3";"2023-10-21T03:04:51-03:00";5,311.754
"TEL.NAOMI.FLUX_AT3";"2023-10-21T03:05:21-03:00";5,408.445
"TEL.NAOMI.FLUX_AT3";"2023-10-21T03:05:51-03:00";5,490.87
"TEL.NAOMI.FLUX_AT3";"2023-10-21T03:06:21-03:00";5,387.239
"TEL.NAOMI.FLUX_AT3";"2023-10-21T03:06:51-03:00";5,380.198
"TEL.NAOMI.FLUX_AT3";"2023-10-21T03:07:21-03:00";5,392.068
"TEL.NAOMI.FLUX_AT3";"2023-10-21T03:07:51-03:00";5,308.066
"TEL.NAOMI.FLUX_AT3";"2023-10-21T03:08:21-03:00";5,516.245
"TEL.NAOMI.FLUX_AT3";"2023-10-21T03:08:51-03:00";5,486.097
"TEL.NAOMI.FLUX_AT3";"2023-10-21T03:09:21-03:00";5,486.001
"TEL.NAOMI.FLUX_AT3";"2023-10-21T03:09:51-03:00";5,389.608
"TEL.NAOMI.FLUX_AT3";"2023-10-21T03:10:21-03:00";5,607.343
"TEL.NAOMI.FLUX_AT3";"2023-10-21T03:10:51-03:00";5,519.207
"TEL.NAOMI.FLUX_AT3";"2023-10-21T03:11:21-03:00";5,663.272
"TEL.NAOMI.FLUX_AT3";"2023-10-21T03:11:51-03:00";5,578.584
"TEL.NAOMI.FLUX_AT3";"2023-10-21T03:12:21-03:00";5,530.153
"TEL.NAOMI.FLUX_AT3";"2023-10-21T03:12:51-03:00";5,563.253
"TEL.NAOMI.FLUX_AT3";"2023-10-21T03:13:21-03:00";5,628.549
"TEL.NAOMI.FLUX_AT3";"2023-10-21T03:14:51-03:00";7,267.796
"TEL.NAOMI.FLUX_AT3";"2023-10-21T03:15:21-03:00";7,500.141
"TEL.NAOMI.FLUX_AT3";"2023-10-21T03:18:21-03:00";7,486.51
"TEL.NAOMI.FLUX_AT3";"2023-10-21T03:18:51-03:00";7,653.419
"TEL.NAOMI.FLUX_AT3";"2023-10-21T03:19:21-03:00";7,561.689
"TEL.NAOMI.FLUX_AT3";"2023-10-21T03:19:51-03:00";7,418.154
"TEL.NAOMI.FLUX_AT3";"2023-10-21T03:20:21-03:00";7,626.583
"TEL.NAOMI.FLUX_AT3";"2023-10-21T03:20:51-03:00";7,661.94
"TEL.NAOMI.FLUX_AT3";"2023-10-21T03:21:21-03:00";7,610.649
"TEL.NAOMI.FLUX_AT3";"2023-10-21T03:21:51-03:00";7,641.089
"TEL.NAOMI.FLUX_AT3";"2023-10-21T03:22:21-03:00";7,602.292
"TEL.NAOMI.FLUX_AT3";"2023-10-21T03:22:51-03:00";7,690.4
"TEL.NAOMI.FLUX_AT3";"2023-10-21T03:23:21-03:00";7,615.198
"TEL.NAOMI.FLUX_AT3";"2023-10-21T03:23:51-03:00";7,555.531
"TEL.NAOMI.FLUX_AT3";"2023-10-21T03:24:21-03:00";7,545.185
"TEL.NAOMI.FLUX_AT3";"2023-10-21T03:24:51-03:00";7,494.315
"TEL.NAOMI.FLUX_AT3";"2023-10-21T03:25:21-03:00";7,453.493
"TEL.NAOMI.FLUX_AT3";"2023-10-21T03:25:51-03:00";7,453.708
"TEL.NAOMI.FLUX_AT3";"2023-10-21T03:26:21-03:00";7,080.729
"TEL.NAOMI.FLUX_AT3";"2023-10-21T03:26:51-03:00";7,296.521
"TEL.NAOMI.FLUX_AT3";"2023-10-21T03:27:21-03:00";7,177.674
"TEL.NAOMI.FLUX_AT3";"2023-10-21T03:27:51-03:00";7,121.978
"TEL.NAOMI.FLUX_AT3";"2023-10-21T03:28:21-03:00";7,154.817
"TEL.NAOMI.FLUX_AT3";"2023-10-21T03:28:51-03:00";7,101.821
"TEL.NAOMI.FLUX_AT3";"2023-10-21T03:29:21-03:00";7,166.96
"TEL.NAOMI.FLUX_AT3";"2023-10-21T03:29:51-03:00";7,102.331
"TEL.NAOMI.FLUX_AT3";"2023-10-21T03:30:21-03:00";6,979.133
"TEL.NAOMI.FLUX_AT3";"2023-10-21T03:30:51-03:00";7,284.809
"TEL.NAOMI.FLUX_AT3";"2023-10-21T03:31:21-03:00";7,218.587
"TEL.NAOMI.FLUX_AT3";"2023-10-21T03:31:51-03:00";7,212.409
"TEL.NAOMI.FLUX_AT3";"2023-10-21T03:32:21-03:00";6,985.199
"TEL.NAOMI.FLUX_AT3";"2023-10-21T03:32:51-03:00";7,028.388
"TEL.NAOMI.FLUX_AT3";"2023-10-21T03:33:21-03:00";7,134.951
"TEL.NAOMI.FLUX_AT3";"2023-10-21T03:33:51-03:00";7,188.712
"TEL.NAOMI.FLUX_AT3";"2023-10-21T03:34:21-03:00";7,147.34
"TEL.NAOMI.FLUX_AT3";"2023-10-21T03:34:51-03:00";7,075.28
"TEL.NAOMI.FLUX_AT3";"2023-10-21T03:35:21-03:00";6,965.124
"TEL.NAOMI.FLUX_AT3";"2023-10-21T03:35:51-03:00";7,059.509
"TEL.NAOMI.FLUX_AT3";"2023-10-21T03:36:21-03:00";7,114.034
"TEL.NAOMI.FLUX_AT3";"2023-10-21T03:36:51-03:00";7,377.022
"TEL.NAOMI.FLUX_AT3";"2023-10-21T03:37:21-03:00";7,544.478
"TEL.NAOMI.FLUX_AT3";"2023-10-21T03:39:21-03:00";1.513
"TEL.NAOMI.FLUX_AT3";"2023-10-21T03:39:51-03:00";1.448
"TEL.NAOMI.FLUX_AT3";"2023-10-21T03:40:21-03:00";1.61
"TEL.NAOMI.FLUX_AT3";"2023-10-21T03:42:51-03:00";1.521
"TEL.NAOMI.FLUX_AT3";"2023-10-21T03:43:21-03:00";1.508
"TEL.NAOMI.FLUX_AT3";"2023-10-21T03:43:51-03:00";1.467
"TEL.NAOMI.FLUX_AT3";"2023-10-21T03:44:21-03:00";1.46
"TEL.NAOMI.FLUX_AT3";"2023-10-21T03:44:51-03:00";1.466
"TEL.NAOMI.FLUX_AT3";"2023-10-21T03:45:21-03:00";1.489
"TEL.NAOMI.FLUX_AT3";"2023-10-21T03:45:51-03:00";1.539
"TEL.NAOMI.FLUX_AT3";"2023-10-21T03:46:21-03:00";1.39
"TEL.NAOMI.FLUX_AT3";"2023-10-21T03:46:51-03:00";1.38
"TEL.NAOMI.FLUX_AT3";"2023-10-21T03:47:21-03:00";1.542
"TEL.NAOMI.FLUX_AT3";"2023-10-21T03:47:51-03:00";1.591
"TEL.NAOMI.FLUX_AT3";"2023-10-21T03:48:21-03:00";1.572
"TEL.NAOMI.FLUX_AT3";"2023-10-21T03:48:51-03:00";1.593
"TEL.NAOMI.FLUX_AT3";"2023-10-21T03:49:21-03:00";1.524
"TEL.NAOMI.FLUX_AT3";"2023-10-21T03:49:51-03:00";1.468
"TEL.NAOMI.FLUX_AT3";"2023-10-21T03:50:21-03:00";1.416
"TEL.NAOMI.FLUX_AT3";"2023-10-21T03:50:51-03:00";1.701
"TEL.NAOMI.FLUX_AT3";"2023-10-21T03:51:21-03:00";1.522
"TEL.NAOMI.FLUX_AT3";"2023-10-21T03:51:51-03:00";1.578
"TEL.NAOMI.FLUX_AT3";"2023-10-21T03:52:21-03:00";1.499
"TEL.NAOMI.FLUX_AT3";"2023-10-21T03:52:51-03:00";1.458
"TEL.NAOMI.FLUX_AT3";"2023-10-21T03:53:21-03:00";1.471
"TEL.NAOMI.FLUX_AT3";"2023-10-21T03:53:51-03:00";1.487
"TEL.NAOMI.FLUX_AT3";"2023-10-21T03:54:21-03:00";1.508
"TEL.NAOMI.FLUX_AT3";"2023-10-21T03:54:51-03:00";1.547
"TEL.NAOMI.FLUX_AT3";"2023-10-21T03:55:21-03:00";1.506
"TEL.NAOMI.FLUX_AT3";"2023-10-21T03:55:51-03:00";1.332
"TEL.NAOMI.FLUX_AT3";"2023-10-21T03:56:21-03:00";1.472
"TEL.NAOMI.FLUX_AT3";"2023-10-21T03:56:51-03:00";1.471
"TEL.NAOMI.FLUX_AT3";"2023-10-21T03:57:21-03:00";1.464
"TEL.NAOMI.FLUX_AT3";"2023-10-21T03:57:51-03:00";1.523
"TEL.NAOMI.FLUX_AT3";"2023-10-21T03:58:21-03:00";1.483
"TEL.NAOMI.FLUX_AT3";"2023-10-21T03:58:51-03:00";1.448
"TEL.NAOMI.FLUX_AT3";"2023-10-21T03:59:21-03:00";1.388
"TEL.NAOMI.FLUX_AT3";"2023-10-21T03:59:51-03:00";1.376
"TEL.NAOMI.FLUX_AT3";"2023-10-21T04:00:21-03:00";1.45
"TEL.NAOMI.FLUX_AT3";"2023-10-21T04:01:51-03:00";188.879
"TEL.NAOMI.FLUX_AT3";"2023-10-21T04:02:21-03:00";172.765
"TEL.NAOMI.FLUX_AT3";"2023-10-21T04:02:51-03:00";175.479
"TEL.NAOMI.FLUX_AT3";"2023-10-21T04:05:21-03:00";181.206
"TEL.NAOMI.FLUX_AT3";"2023-10-21T04:05:51-03:00";177.991
"TEL.NAOMI.FLUX_AT3";"2023-10-21T04:06:21-03:00";183.09
"TEL.NAOMI.FLUX_AT3";"2023-10-21T04:06:51-03:00";179.864
"TEL.NAOMI.FLUX_AT3";"2023-10-21T04:07:21-03:00";181.499
"TEL.NAOMI.FLUX_AT3";"2023-10-21T04:07:51-03:00";181.767
"TEL.NAOMI.FLUX_AT3";"2023-10-21T04:08:21-03:00";182.732
"TEL.NAOMI.FLUX_AT3";"2023-10-21T04:08:51-03:00";176.255
"TEL.NAOMI.FLUX_AT3";"2023-10-21T04:09:21-03:00";180.24
"TEL.NAOMI.FLUX_AT3";"2023-10-21T04:09:51-03:00";174.428
"TEL.NAOMI.FLUX_AT3";"2023-10-21T04:10:21-03:00";178.926
"TEL.NAOMI.FLUX_AT3";"2023-10-21T04:10:51-03:00";179.219
"TEL.NAOMI.FLUX_AT3";"2023-10-21T04:11:21-03:00";171.327
"TEL.NAOMI.FLUX_AT3";"2023-10-21T04:11:51-03:00";171.17
"TEL.NAOMI.FLUX_AT3";"2023-10-21T04:12:21-03:00";178.278
"TEL.NAOMI.FLUX_AT3";"2023-10-21T04:14:51-03:00";164.606
"TEL.NAOMI.FLUX_AT3";"2023-10-21T04:15:21-03:00";160.782
"TEL.NAOMI.FLUX_AT3";"2023-10-21T04:15:51-03:00";177.181
"TEL.NAOMI.FLUX_AT3";"2023-10-21T04:16:21-03:00";181.401
"TEL.NAOMI.FLUX_AT3";"2023-10-21T04:16:51-03:00";167.029
"TEL.NAOMI.FLUX_AT3";"2023-10-21T04:17:21-03:00";177.17
"TEL.NAOMI.FLUX_AT3";"2023-10-21T04:17:51-03:00";175.973
"TEL.NAOMI.FLUX_AT3";"2023-10-21T04:18:21-03:00";174.487
"TEL.NAOMI.FLUX_AT3";"2023-10-21T04:18:51-03:00";173.389
"TEL.NAOMI.FLUX_AT3";"2023-10-21T04:19:21-03:00";171.044
"TEL.NAOMI.FLUX_AT3";"2023-10-21T04:19:51-03:00";178.987
"TEL.NAOMI.FLUX_AT3";"2023-10-21T04:20:21-03:00";170.886
"TEL.NAOMI.FLUX_AT3";"2023-10-21T04:20:51-03:00";180.195
"TEL.NAOMI.FLUX_AT3";"2023-10-21T04:21:21-03:00";176.544
"TEL.NAOMI.FLUX_AT3";"2023-10-21T04:21:51-03:00";172.523
"TEL.NAOMI.FLUX_AT3";"2023-10-21T04:22:21-03:00";172.162
"TEL.NAOMI.FLUX_AT3";"2023-10-21T04:22:51-03:00";171.335
"TEL.NAOMI.FLUX_AT3";"2023-10-21T04:23:21-03:00";171.778
"TEL.NAOMI.FLUX_AT3";"2023-10-21T04:23:51-03:00";172.151
"TEL.NAOMI.FLUX_AT3";"2023-10-21T04:24:21-03:00";175.608
"TEL.NAOMI.FLUX_AT3";"2023-10-21T04:24:51-03:00";176.657
"TEL.NAOMI.FLUX_AT3";"2023-10-21T04:25:21-03:00";171.364
"TEL.NAOMI.FLUX_AT3";"2023-10-21T04:25:51-03:00";161.817
"TEL.NAOMI.FLUX_AT3";"2023-10-21T04:26:21-03:00";168.013
"TEL.NAOMI.FLUX_AT3";"2023-10-21T04:26:51-03:00";162.337
"TEL.NAOMI.FLUX_AT3";"2023-10-21T04:27:21-03:00";165.295
"TEL.NAOMI.FLUX_AT3";"2023-10-21T04:27:51-03:00";172.982
"TEL.NAOMI.FLUX_AT3";"2023-10-21T04:28:21-03:00";172.536
"TEL.NAOMI.FLUX_AT3";"2023-10-21T04:28:51-03:00";175.282
"TEL.NAOMI.FLUX_AT3";"2023-10-21T04:29:21-03:00";157.348
"TEL.NAOMI.FLUX_AT3";"2023-10-21T04:29:51-03:00";167.873
"TEL.NAOMI.FLUX_AT3";"2023-10-21T04:30:21-03:00";169.933
"TEL.NAOMI.FLUX_AT3";"2023-10-21T04:30:51-03:00";171.456
"TEL.NAOMI.FLUX_AT3";"2023-10-21T04:31:21-03:00";167.532
"TEL.NAOMI.FLUX_AT3";"2023-10-21T04:31:51-03:00";143.851
"TEL.NAOMI.FLUX_AT3";"2023-10-21T04:32:21-03:00";174.944
"TEL.NAOMI.FLUX_AT3";"2023-10-21T04:32:51-03:00";179.862
"TEL.NAOMI.FLUX_AT3";"2023-10-21T04:33:21-03:00";167.788
"TEL.NAOMI.FLUX_AT3";"2023-10-21T04:33:51-03:00";169.512
"TEL.NAOMI.FLUX_AT3";"2023-10-21T04:34:21-03:00";173.426
"TEL.NAOMI.FLUX_AT3";"2023-10-21T04:34:51-03:00";164.587
"TEL.NAOMI.FLUX_AT3";"2023-10-21T04:35:21-03:00";175.978
"TEL.NAOMI.FLUX_AT3";"2023-10-21T04:35:51-03:00";172.302
"TEL.NAOMI.FLUX_AT3";"2023-10-21T04:36:21-03:00";176.322
"TEL.NAOMI.FLUX_AT4";"2023-10-21T00:44:49-03:00";4,534.981
"TEL.NAOMI.FLUX_AT4";"2023-10-21T00:45:19-03:00";4,526.649
"TEL.NAOMI.FLUX_AT4";"2023-10-21T00:45:49-03:00";4,512.431
"TEL.NAOMI.FLUX_AT4";"2023-10-21T00:46:19-03:00";4,544.869
"TEL.NAOMI.FLUX_AT4";"2023-10-21T00:46:49-03:00";4,441.334
"TEL.NAOMI.FLUX_AT4";"2023-10-21T00:47:19-03:00";4,370.649
"TEL.NAOMI.FLUX_AT4";"2023-10-21T00:47:49-03:00";4,493.788
"TEL.NAOMI.FLUX_AT4";"2023-10-21T00:48:19-03:00";4,450.371
"TEL.NAOMI.FLUX_AT4";"2023-10-21T00:48:49-03:00";4,392.571
"TEL.NAOMI.FLUX_AT4";"2023-10-21T00:49:19-03:00";4,382.997
"TEL.NAOMI.FLUX_AT4";"2023-10-21T00:49:49-03:00";4,534.98
"TEL.NAOMI.FLUX_AT4";"2023-10-21T00:50:19-03:00";4,518.453
"TEL.NAOMI.FLUX_AT4";"2023-10-21T00:50:49-03:00";4,267.072
"TEL.NAOMI.FLUX_AT4";"2023-10-21T00:51:19-03:00";4,434.204
"TEL.NAOMI.FLUX_AT4";"2023-10-21T00:51:49-03:00";4,468.967
"TEL.NAOMI.FLUX_AT4";"2023-10-21T00:52:19-03:00";4,327.896
"TEL.NAOMI.FLUX_AT4";"2023-10-21T00:52:49-03:00";4,469.645
"TEL.NAOMI.FLUX_AT4";"2023-10-21T00:53:19-03:00";4,405.515
"TEL.NAOMI.FLUX_AT4";"2023-10-21T00:53:49-03:00";4,423.555
"TEL.NAOMI.FLUX_AT4";"2023-10-21T00:54:19-03:00";4,442.77
"TEL.NAOMI.FLUX_AT4";"2023-10-21T00:54:49-03:00";4,506.808
"TEL.NAOMI.FLUX_AT4";"2023-10-21T00:55:19-03:00";4,515.929
"TEL.NAOMI.FLUX_AT4";"2023-10-21T00:55:49-03:00";4,459.815
"TEL.NAOMI.FLUX_AT4";"2023-10-21T00:56:19-03:00";4,307.591
"TEL.NAOMI.FLUX_AT4";"2023-10-21T00:56:49-03:00";4,413.966
"TEL.NAOMI.FLUX_AT4";"2023-10-21T00:57:19-03:00";4,441.166
"TEL.NAOMI.FLUX_AT4";"2023-10-21T00:57:49-03:00";4,484.824
"TEL.NAOMI.FLUX_AT4";"2023-10-21T00:58:19-03:00";4,309.896
"TEL.NAOMI.FLUX_AT4";"2023-10-21T00:58:49-03:00";4,461.943
"TEL.NAOMI.FLUX_AT4";"2023-10-21T00:59:19-03:00";4,351.292
"TEL.NAOMI.FLUX_AT4";"2023-10-21T00:59:49-03:00";4,273.998
"TEL.NAOMI.FLUX_AT4";"2023-10-21T01:00:19-03:00";4,373.831
"TEL.NAOMI.FLUX_AT4";"2023-10-21T01:00:49-03:00";4,358.332
"TEL.NAOMI.FLUX_AT4";"2023-10-21T01:01:19-03:00";4,398.217
"TEL.NAOMI.FLUX_AT4";"2023-10-21T01:01:49-03:00";4,445.543
"TEL.NAOMI.FLUX_AT4";"2023-10-21T01:02:19-03:00";4,471.795
"TEL.NAOMI.FLUX_AT4";"2023-10-21T01:02:49-03:00";4,404.575
"TEL.NAOMI.FLUX_AT4";"2023-10-21T01:03:19-03:00";4,314.902
"TEL.NAOMI.FLUX_AT4";"2023-10-21T01:03:49-03:00";4,513.998
"TEL.NAOMI.FLUX_AT4";"2023-10-21T01:04:19-03:00";4,334.027
"TEL.NAOMI.FLUX_AT4";"2023-10-21T01:04:49-03:00";4,506.503
"TEL.NAOMI.FLUX_AT4";"2023-10-21T01:05:19-03:00";4,482.681
"TEL.NAOMI.FLUX_AT4";"2023-10-21T01:05:49-03:00";4,381.705
"TEL.NAOMI.FLUX_AT4";"2023-10-21T01:06:19-03:00";4,396.013
"TEL.NAOMI.FLUX_AT4";"2023-10-21T01:06:49-03:00";4,421.319
"TEL.NAOMI.FLUX_AT4";"2023-10-21T01:07:19-03:00";4,307.384
"TEL.NAOMI.FLUX_AT4";"2023-10-21T01:07:49-03:00";4,417.62
"TEL.NAOMI.FLUX_AT4";"2023-10-21T01:08:19-03:00";4,411.675
"TEL.NAOMI.FLUX_AT4";"2023-10-21T01:08:50-03:00";4,434.318
"TEL.NAOMI.FLUX_AT4";"2023-10-21T01:09:20-03:00";4,502.287
"TEL.NAOMI.FLUX_AT4";"2023-10-21T01:09:50-03:00";4,416.362
"TEL.NAOMI.FLUX_AT4";"2023-10-21T01:10:20-03:00";4,465.835
"TEL.NAOMI.FLUX_AT4";"2023-10-21T01:10:50-03:00";4,406.678
"TEL.NAOMI.FLUX_AT4";"2023-10-21T01:11:20-03:00";4,404.605
"TEL.NAOMI.FLUX_AT4";"2023-10-21T01:11:50-03:00";4,381.868
"TEL.NAOMI.FLUX_AT4";"2023-10-21T01:12:20-03:00";4,473.434
"TEL.NAOMI.FLUX_AT4";"2023-10-21T01:12:50-03:00";4,411.402
"TEL.NAOMI.FLUX_AT4";"2023-10-21T01:13:20-03:00";4,412.063
"TEL.NAOMI.FLUX_AT4";"2023-10-21T01:13:50-03:00";4,404.172
"TEL.NAOMI.FLUX_AT4";"2023-10-21T01:14:20-03:00";4,274.154
"TEL.NAOMI.FLUX_AT4";"2023-10-21T01:14:50-03:00";4,195.261
"TEL.NAOMI.FLUX_AT4";"2023-10-21T01:15:20-03:00";4,433.286
"TEL.NAOMI.FLUX_AT4";"2023-10-21T01:15:50-03:00";4,408.963
"TEL.NAOMI.FLUX_AT4";"2023-10-21T01:16:20-03:00";4,490.084
"TEL.NAOMI.FLUX_AT4";"2023-10-21T01:16:50-03:00";4,453.418
"TEL.NAOMI.FLUX_AT4";"2023-10-21T01:17:20-03:00";4,361.383
"TEL.NAOMI.FLUX_AT4";"2023-10-21T01:17:50-03:00";4,430.835
"TEL.NAOMI.FLUX_AT4";"2023-10-21T01:18:20-03:00";4,424.592
"TEL.NAOMI.FLUX_AT4";"2023-10-21T01:22:20-03:00";6,954.91
"TEL.NAOMI.FLUX_AT4";"2023-10-21T01:22:50-03:00";6,924.353
"TEL.NAOMI.FLUX_AT4";"2023-10-21T01:23:20-03:00";6,666.754
"TEL.NAOMI.FLUX_AT4";"2023-10-21T01:23:50-03:00";6,977.478
"TEL.NAOMI.FLUX_AT4";"2023-10-21T01:24:20-03:00";6,888.664
"TEL.NAOMI.FLUX_AT4";"2023-10-21T01:24:50-03:00";6,775.194
"TEL.NAOMI.FLUX_AT4";"2023-10-21T01:25:20-03:00";7,052.667
"TEL.NAOMI.FLUX_AT4";"2023-10-21T01:25:50-03:00";7,238.152
"TEL.NAOMI.FLUX_AT4";"2023-10-21T01:26:20-03:00";7,181.555
"TEL.NAOMI.FLUX_AT4";"2023-10-21T01:28:50-03:00";7,375.024
"TEL.NAOMI.FLUX_AT4";"2023-10-21T01:29:20-03:00";7,359.4
"TEL.NAOMI.FLUX_AT4";"2023-10-21T01:29:50-03:00";7,339.447
"TEL.NAOMI.FLUX_AT4";"2023-10-21T01:30:20-03:00";7,300.936
"TEL.NAOMI.FLUX_AT4";"2023-10-21T01:30:50-03:00";7,296.434
"TEL.NAOMI.FLUX_AT4";"2023-10-21T01:31:20-03:00";7,396.348
"TEL.NAOMI.FLUX_AT4";"2023-10-21T01:31:50-03:00";7,222.893
"TEL.NAOMI.FLUX_AT4";"2023-10-21T01:32:20-03:00";7,024.838
"TEL.NAOMI.FLUX_AT4";"2023-10-21T01:32:50-03:00";7,416.876
"TEL.NAOMI.FLUX_AT4";"2023-10-21T01:33:20-03:00";7,418.584
"TEL.NAOMI.FLUX_AT4";"2023-10-21T01:33:50-03:00";7,357.533
"TEL.NAOMI.FLUX_AT4";"2023-10-21T01:34:20-03:00";7,463.174
"TEL.NAOMI.FLUX_AT4";"2023-10-21T01:34:50-03:00";7,398.351
"TEL.NAOMI.FLUX_AT4";"2023-10-21T01:35:20-03:00";7,253.169
"TEL.NAOMI.FLUX_AT4";"2023-10-21T01:35:50-03:00";7,120.662
"TEL.NAOMI.FLUX_AT4";"2023-10-21T01:36:20-03:00";7,230.324
"TEL.NAOMI.FLUX_AT4";"2023-10-21T01:36:50-03:00";7,232.072
"TEL.NAOMI.FLUX_AT4";"2023-10-21T01:37:20-03:00";7,204.022
"TEL.NAOMI.FLUX_AT4";"2023-10-21T01:37:50-03:00";7,358.452
"TEL.NAOMI.FLUX_AT4";"2023-10-21T01:38:20-03:00";7,236.208
"TEL.NAOMI.FLUX_AT4";"2023-10-21T01:38:50-03:00";7,334.86
"TEL.NAOMI.FLUX_AT4";"2023-10-21T01:39:20-03:00";7,164.422
"TEL.NAOMI.FLUX_AT4";"2023-10-21T01:39:50-03:00";7,294.636
"TEL.NAOMI.FLUX_AT4";"2023-10-21T01:40:20-03:00";7,189.12
"TEL.NAOMI.FLUX_AT4";"2023-10-21T01:40:50-03:00";7,187.584
"TEL.NAOMI.FLUX_AT4";"2023-10-21T01:41:20-03:00";7,343.265
"TEL.NAOMI.FLUX_AT4";"2023-10-21T01:41:50-03:00";6,721.711
"TEL.NAOMI.FLUX_AT4";"2023-10-21T01:42:20-03:00";7,232.917
"TEL.NAOMI.FLUX_AT4";"2023-10-21T01:42:50-03:00";7,290.153
"TEL.NAOMI.FLUX_AT4";"2023-10-21T01:43:20-03:00";7,122.464
"TEL.NAOMI.FLUX_AT4";"2023-10-21T01:43:50-03:00";7,117.776
"TEL.NAOMI.FLUX_AT4";"2023-10-21T01:44:20-03:00";6,944.878
"TEL.NAOMI.FLUX_AT4";"2023-10-21T01:44:50-03:00";7,117.571
"TEL.NAOMI.FLUX_AT4";"2023-10-21T01:45:20-03:00";7,244.894
"TEL.NAOMI.FLUX_AT4";"2023-10-21T01:45:50-03:00";7,295.152
"TEL.NAOMI.FLUX_AT4";"2023-10-21T01:46:20-03:00";7,308.932
"TEL.NAOMI.FLUX_AT4";"2023-10-21T01:48:20-03:00";1,973.327
"TEL.NAOMI.FLUX_AT4";"2023-10-21T01:48:50-03:00";2,043.499
"TEL.NAOMI.FLUX_AT4";"2023-10-21T01:49:20-03:00";1,991.189
"TEL.NAOMI.FLUX_AT4";"2023-10-21T01:49:50-03:00";1,975.732
"TEL.NAOMI.FLUX_AT4";"2023-10-21T01:50:20-03:00";2,011.792
"TEL.NAOMI.FLUX_AT4";"2023-10-21T01:50:50-03:00";1,986.24
"TEL.NAOMI.FLUX_AT4";"2023-10-21T01:51:20-03:00";1,968.634
"TEL.NAOMI.FLUX_AT4";"2023-10-21T01:53:50-03:00";1,997.686
"TEL.NAOMI.FLUX_AT4";"2023-10-21T01:54:20-03:00";1,965.274
"TEL.NAOMI.FLUX_AT4";"2023-10-21T01:54:50-03:00";2,007.955
"TEL.NAOMI.FLUX_AT4";"2023-10-21T01:55:20-03:00";2,040.75
"TEL.NAOMI.FLUX_AT4";"2023-10-21T01:55:50-03:00";2,012.653
"TEL.NAOMI.FLUX_AT4";"2023-10-21T01:56:20-03:00";2,034.72
"TEL.NAOMI.FLUX_AT4";"2023-10-21T01:56:50-03:00";2,066.059
"TEL.NAOMI.FLUX_AT4";"2023-10-21T01:57:20-03:00";2,064.129
"TEL.NAOMI.FLUX_AT4";"2023-10-21T01:57:50-03:00";2,066.654
"TEL.NAOMI.FLUX_AT4";"2023-10-21T01:58:20-03:00";2,061.949
"TEL.NAOMI.FLUX_AT4";"2023-10-21T01:58:50-03:00";2,018.247
"TEL.NAOMI.FLUX_AT4";"2023-10-21T01:59:20-03:00";2,002.563
"TEL.NAOMI.FLUX_AT4";"2023-10-21T01:59:50-03:00";2,029.666
"TEL.NAOMI.FLUX_AT4";"2023-10-21T02:00:20-03:00";2,009.271
"TEL.NAOMI.FLUX_AT4";"2023-10-21T02:00:50-03:00";2,020.394
"TEL.NAOMI.FLUX_AT4";"2023-10-21T02:01:20-03:00";1,983.44
"TEL.NAOMI.FLUX_AT4";"2023-10-21T02:01:50-03:00";1,951.5
"TEL.NAOMI.FLUX_AT4";"2023-10-21T02:02:20-03:00";1,990.664
"TEL.NAOMI.FLUX_AT4";"2023-10-21T02:02:50-03:00";1,922.248
"TEL.NAOMI.FLUX_AT4";"2023-10-21T02:03:20-03:00";1,953.968
"TEL.NAOMI.FLUX_AT4";"2023-10-21T02:03:50-03:00";1,893.897
"TEL.NAOMI.FLUX_AT4";"2023-10-21T02:04:20-03:00";1,936.835
"TEL.NAOMI.FLUX_AT4";"2023-10-21T02:04:50-03:00";1,968.266
"TEL.NAOMI.FLUX_AT4";"2023-10-21T02:05:20-03:00";1,988.444
"TEL.NAOMI.FLUX_AT4";"2023-10-21T02:05:50-03:00";1,950.189
"TEL.NAOMI.FLUX_AT4";"2023-10-21T02:06:20-03:00";1,954.852
"TEL.NAOMI.FLUX_AT4";"2023-10-21T02:06:50-03:00";1,950.073
"TEL.NAOMI.FLUX_AT4";"2023-10-21T02:07:20-03:00";2,044.463
"TEL.NAOMI.FLUX_AT4";"2023-10-21T02:07:50-03:00";1,957.742
"TEL.NAOMI.FLUX_AT4";"2023-10-21T02:08:20-03:00";1,877.97
"TEL.NAOMI.FLUX_AT4";"2023-10-21T02:08:50-03:00";1,940.074
"TEL.NAOMI.FLUX_AT4";"2023-10-21T02:09:20-03:00";1,941.172
"TEL.NAOMI.FLUX_AT4";"2023-10-21T02:09:50-03:00";2,026.215
"TEL.NAOMI.FLUX_AT4";"2023-10-21T02:10:20-03:00";1,916.004
"TEL.NAOMI.FLUX_AT4";"2023-10-21T02:10:50-03:00";1,956.531
"TEL.NAOMI.FLUX_AT4";"2023-10-21T02:11:20-03:00";1,987.396
"TEL.NAOMI.FLUX_AT4";"2023-10-21T02:11:50-03:00";2,007.277
"TEL.NAOMI.FLUX_AT4";"2023-10-21T02:12:20-03:00";1,950.299
"TEL.NAOMI.FLUX_AT4";"2023-10-21T02:12:50-03:00";2,035.741
"TEL.NAOMI.FLUX_AT4";"2023-10-21T02:13:20-03:00";2,038.899
"TEL.NAOMI.FLUX_AT4";"2023-10-21T02:13:50-03:00";2,013.134
"TEL.NAOMI.FLUX_AT4";"2023-10-21T02:16:20-03:00";52.466
"TEL.NAOMI.FLUX_AT4";"2023-10-21T02:16:50-03:00";48.403
"TEL.NAOMI.FLUX_AT4";"2023-10-21T02:17:20-03:00";51.283
"TEL.NAOMI.FLUX_AT4";"2023-10-21T02:17:50-03:00";51.644
"TEL.NAOMI.FLUX_AT4";"2023-10-21T02:18:20-03:00";50.568
"TEL.NAOMI.FLUX_AT4";"2023-10-21T02:18:50-03:00";51.822
"TEL.NAOMI.FLUX_AT4";"2023-10-21T02:19:20-03:00";52.662
"TEL.NAOMI.FLUX_AT4";"2023-10-21T02:19:50-03:00";48.677
"TEL.NAOMI.FLUX_AT4";"2023-10-21T02:20:20-03:00";51.923
"TEL.NAOMI.FLUX_AT4";"2023-10-21T02:20:50-03:00";50.471
"TEL.NAOMI.FLUX_AT4";"2023-10-21T02:23:20-03:00";50.439
"TEL.NAOMI.FLUX_AT4";"2023-10-21T02:23:50-03:00";54.691
"TEL.NAOMI.FLUX_AT4";"2023-10-21T02:24:20-03:00";51.895
"TEL.NAOMI.FLUX_AT4";"2023-10-21T02:24:50-03:00";52.186
"TEL.NAOMI.FLUX_AT4";"2023-10-21T02:25:20-03:00";51.28
"TEL.NAOMI.FLUX_AT4";"2023-10-21T02:25:50-03:00";50.345
"TEL.NAOMI.FLUX_AT4";"2023-10-21T02:26:20-03:00";50.238
"TEL.NAOMI.FLUX_AT4";"2023-10-21T02:26:50-03:00";52.31
"TEL.NAOMI.FLUX_AT4";"2023-10-21T02:27:20-03:00";50.793
"TEL.NAOMI.FLUX_AT4";"2023-10-21T02:27:50-03:00";53.237
"TEL.NAOMI.FLUX_AT4";"2023-10-21T02:28:20-03:00";51.098
"TEL.NAOMI.FLUX_AT4";"2023-10-21T02:28:50-03:00";52.445
"TEL.NAOMI.FLUX_AT4";"2023-10-21T02:29:20-03:00";54.562
"TEL.NAOMI.FLUX_AT4";"2023-10-21T02:29:50-03:00";52.617
"TEL.NAOMI.FLUX_AT4";"2023-10-21T02:30:20-03:00";52.28
"TEL.NAOMI.FLUX_AT4";"2023-10-21T02:30:50-03:00";54.619
"TEL.NAOMI.FLUX_AT4";"2023-10-21T02:31:20-03:00";52.998
"TEL.NAOMI.FLUX_AT4";"2023-10-21T02:31:50-03:00";53.665
"TEL.NAOMI.FLUX_AT4";"2023-10-21T02:32:20-03:00";52.915
"TEL.NAOMI.FLUX_AT4";"2023-10-21T02:32:50-03:00";53.454
"TEL.NAOMI.FLUX_AT4";"2023-10-21T02:33:20-03:00";53.456
"TEL.NAOMI.FLUX_AT4";"2023-10-21T02:33:50-03:00";53.386
"TEL.NAOMI.FLUX_AT4";"2023-10-21T02:34:20-03:00";54.026
"TEL.NAOMI.FLUX_AT4";"2023-10-21T02:34:50-03:00";52.508
"TEL.NAOMI.FLUX_AT4";"2023-10-21T02:35:20-03:00";52.933
"TEL.NAOMI.FLUX_AT4";"2023-10-21T02:35:50-03:00";53.493
"TEL.NAOMI.FLUX_AT4";"2023-10-21T02:36:20-03:00";52.946
"TEL.NAOMI.FLUX_AT4";"2023-10-21T02:36:50-03:00";52.907
"TEL.NAOMI.FLUX_AT4";"2023-10-21T02:37:20-03:00";52.032
"TEL.NAOMI.FLUX_AT4";"2023-10-21T02:37:50-03:00";53.443
"TEL.NAOMI.FLUX_AT4";"2023-10-21T02:38:20-03:00";52.066
"TEL.NAOMI.FLUX_AT4";"2023-10-21T02:38:50-03:00";53.347
"TEL.NAOMI.FLUX_AT4";"2023-10-21T02:39:20-03:00";54.37
"TEL.NAOMI.FLUX_AT4";"2023-10-21T02:39:50-03:00";54.148
"TEL.NAOMI.FLUX_AT4";"2023-10-21T02:40:20-03:00";54.146
"TEL.NAOMI.FLUX_AT4";"2023-10-21T02:40:50-03:00";54.269
"TEL.NAOMI.FLUX_AT4";"2023-10-21T02:41:20-03:00";50.451
"TEL.NAOMI.FLUX_AT4";"2023-10-21T02:41:50-03:00";50.062
"TEL.NAOMI.FLUX_AT4";"2023-10-21T02:42:50-03:00";6,849.46
"TEL.NAOMI.FLUX_AT4";"2023-10-21T02:43:20-03:00";6,531.501
"TEL.NAOMI.FLUX_AT4";"2023-10-21T02:43:50-03:00";6,734.923
"TEL.NAOMI.FLUX_AT4";"2023-10-21T02:44:20-03:00";6,897.63
"TEL.NAOMI.FLUX_AT4";"2023-10-21T02:44:50-03:00";6,798.913
"TEL.NAOMI.FLUX_AT4";"2023-10-21T02:45:20-03:00";6,726.865
"TEL.NAOMI.FLUX_AT4";"2023-10-21T02:45:50-03:00";6,630.568
"TEL.NAOMI.FLUX_AT4";"2023-10-21T02:46:20-03:00";6,538.492
"TEL.NAOMI.FLUX_AT4";"2023-10-21T02:46:50-03:00";6,804.931
"TEL.NAOMI.FLUX_AT4";"2023-10-21T02:47:20-03:00";6,799.288
"TEL.NAOMI.FLUX_AT4";"2023-10-21T02:47:50-03:00";6,708.7
"TEL.NAOMI.FLUX_AT4";"2023-10-21T02:48:20-03:00";6,700.436
"TEL.NAOMI.FLUX_AT4";"2023-10-21T02:50:50-03:00";6,495.011
"TEL.NAOMI.FLUX_AT4";"2023-10-21T02:51:20-03:00";7,059.227
"TEL.NAOMI.FLUX_AT4";"2023-10-21T02:51:50-03:00";7,001.881
"TEL.NAOMI.FLUX_AT4";"2023-10-21T02:52:20-03:00";6,964.325
"TEL.NAOMI.FLUX_AT4";"2023-10-21T02:52:50-03:00";6,854.603
"TEL.NAOMI.FLUX_AT4";"2023-10-21T02:53:20-03:00";6,957.151
"TEL.NAOMI.FLUX_AT4";"2023-10-21T02:53:50-03:00";7,030.716
"TEL.NAOMI.FLUX_AT4";"2023-10-21T02:54:20-03:00";6,961.391
"TEL.NAOMI.FLUX_AT4";"2023-10-21T02:54:50-03:00";6,937.414
"TEL.NAOMI.FLUX_AT4";"2023-10-21T02:55:20-03:00";6,966.987
"TEL.NAOMI.FLUX_AT4";"2023-10-21T02:55:50-03:00";7,018.867
"TEL.NAOMI.FLUX_AT4";"2023-10-21T02:56:20-03:00";6,891.027
"TEL.NAOMI.FLUX_AT4";"2023-10-21T02:56:50-03:00";7,100.757
"TEL.NAOMI.FLUX_AT4";"2023-10-21T02:57:20-03:00";6,856.437
"TEL.NAOMI.FLUX_AT4";"2023-10-21T02:57:50-03:00";6,820.223
"TEL.NAOMI.FLUX_AT4";"2023-10-21T02:58:20-03:00";6,651.967
"TEL.NAOMI.FLUX_AT4";"2023-10-21T02:58:50-03:00";6,673.091
"TEL.NAOMI.FLUX_AT4";"2023-10-21T02:59:20-03:00";6,677.849
"TEL.NAOMI.FLUX_AT4";"2023-10-21T02:59:50-03:00";6,724.563
"TEL.NAOMI.FLUX_AT4";"2023-10-21T03:00:20-03:00";6,711.395
"TEL.NAOMI.FLUX_AT4";"2023-10-21T03:00:50-03:00";6,510.357
"TEL.NAOMI.FLUX_AT4";"2023-10-21T03:01:20-03:00";6,557.266
"TEL.NAOMI.FLUX_AT4";"2023-10-21T03:01:50-03:00";6,772.503
"TEL.NAOMI.FLUX_AT4";"2023-10-21T03:02:20-03:00";6,861.275
"TEL.NAOMI.FLUX_AT4";"2023-10-21T03:02:50-03:00";6,964.306
"TEL.NAOMI.FLUX_AT4";"2023-10-21T03:03:20-03:00";7,025.66
"TEL.NAOMI.FLUX_AT4";"2023-10-21T03:03:50-03:00";6,913.377
"TEL.NAOMI.FLUX_AT4";"2023-10-21T03:04:20-03:00";7,127.883
"TEL.NAOMI.FLUX_AT4";"2023-10-21T03:04:50-03:00";6,967.717
"TEL.NAOMI.FLUX_AT4";"2023-10-21T03:05:20-03:00";7,010.869
"TEL.NAOMI.FLUX_AT4";"2023-10-21T03:05:50-03:00";7,042.887
"TEL.NAOMI.FLUX_AT4";"2023-10-21T03:06:20-03:00";6,749.134
"TEL.NAOMI.FLUX_AT4";"2023-10-21T03:06:50-03:00";6,948.141
"TEL.NAOMI.FLUX_AT4";"2023-10-21T03:07:20-03:00";6,798.931
"TEL.NAOMI.FLUX_AT4";"2023-10-21T03:07:50-03:00";6,924.751
"TEL.NAOMI.FLUX_AT4";"2023-10-21T03:08:20-03:00";7,091.126
"TEL.NAOMI.FLUX_AT4";"2023-10-21T03:08:50-03:00";7,031.854
"TEL.NAOMI.FLUX_AT4";"2023-10-21T03:09:20-03:00";7,075.848
"TEL.NAOMI.FLUX_AT4";"2023-10-21T03:09:50-03:00";6,994.09
"TEL.NAOMI.FLUX_AT4";"2023-10-21T03:10:20-03:00";7,119.919
"TEL.NAOMI.FLUX_AT4";"2023-10-21T03:10:50-03:00";6,984.254
"TEL.NAOMI.FLUX_AT4";"2023-10-21T03:11:20-03:00";7,170.002
"TEL.NAOMI.FLUX_AT4";"2023-10-21T03:11:50-03:00";7,035.011
"TEL.NAOMI.FLUX_AT4";"2023-10-21T03:12:20-03:00";6,957.521
"TEL.NAOMI.FLUX_AT4";"2023-10-21T03:12:50-03:00";7,015.068
"TEL.NAOMI.FLUX_AT4";"2023-10-21T03:13:20-03:00";7,131.57
"TEL.NAOMI.FLUX_AT4";"2023-10-21T03:14:50-03:00";9,641.265
"TEL.NAOMI.FLUX_AT4";"2023-10-21T03:15:20-03:00";9,910.324
"TEL.NAOMI.FLUX_AT4";"2023-10-21T03:18:20-03:00";10,026.55
"TEL.NAOMI.FLUX_AT4";"2023-10-21T03:18:50-03:00";9,948.84
"TEL.NAOMI.FLUX_AT4";"2023-10-21T03:19:20-03:00";10,019.452
"TEL.NAOMI.FLUX_AT4";"2023-10-21T03:19:50-03:00";9,973.978
"TEL.NAOMI.FLUX_AT4";"2023-10-21T03:20:20-03:00";10,014.833
"TEL.NAOMI.FLUX_AT4";"2023-10-21T03:20:50-03:00";10,079.278
"TEL.NAOMI.FLUX_AT4";"2023-10-21T03:21:20-03:00";10,099.324
"TEL.NAOMI.FLUX_AT4";"2023-10-21T03:21:50-03:00";10,045.366
"TEL.NAOMI.FLUX_AT4";"2023-10-21T03:22:20-03:00";10,084.912
"TEL.NAOMI.FLUX_AT4";"2023-10-21T03:22:50-03:00";10,139.398
"TEL.NAOMI.FLUX_AT4";"2023-10-21T03:23:20-03:00";10,035.46
"TEL.NAOMI.FLUX_AT4";"2023-10-21T03:23:50-03:00";9,893.745
"TEL.NAOMI.FLUX_AT4";"2023-10-21T03:24:20-03:00";10,078.665
"TEL.NAOMI.FLUX_AT4";"2023-10-21T03:24:50-03:00";10,018.956
"TEL.NAOMI.FLUX_AT4";"2023-10-21T03:25:20-03:00";9,952.995
"TEL.NAOMI.FLUX_AT4";"2023-10-21T03:25:50-03:00";9,973.126
"TEL.NAOMI.FLUX_AT4";"2023-10-21T03:26:20-03:00";9,835.449
"TEL.NAOMI.FLUX_AT4";"2023-10-21T03:26:50-03:00";9,837.654
"TEL.NAOMI.FLUX_AT4";"2023-10-21T03:27:20-03:00";9,820.075
"TEL.NAOMI.FLUX_AT4";"2023-10-21T03:27:50-03:00";9,847.447
"TEL.NAOMI.FLUX_AT4";"2023-10-21T03:28:20-03:00";9,974.171
"TEL.NAOMI.FLUX_AT4";"2023-10-21T03:28:50-03:00";10,004.48
"TEL.NAOMI.FLUX_AT4";"2023-10-21T03:29:20-03:00";9,901.993
"TEL.NAOMI.FLUX_AT4";"2023-10-21T03:29:50-03:00";9,987.981
"TEL.NAOMI.FLUX_AT4";"2023-10-21T03:30:20-03:00";10,069.073
"TEL.NAOMI.FLUX_AT4";"2023-10-21T03:30:50-03:00";9,933.917
"TEL.NAOMI.FLUX_AT4";"2023-10-21T03:31:20-03:00";9,948.015
"TEL.NAOMI.FLUX_AT4";"2023-10-21T03:31:50-03:00";9,862.262
"TEL.NAOMI.FLUX_AT4";"2023-10-21T03:32:20-03:00";9,691.852
"TEL.NAOMI.FLUX_AT4";"2023-10-21T03:32:50-03:00";9,863.264
"TEL.NAOMI.FLUX_AT4";"2023-10-21T03:33:20-03:00";9,750.086
"TEL.NAOMI.FLUX_AT4";"2023-10-21T03:33:50-03:00";9,688.333
"TEL.NAOMI.FLUX_AT4";"2023-10-21T03:34:20-03:00";9,901.061
"TEL.NAOMI.FLUX_AT4";"2023-10-21T03:34:50-03:00";9,706.972
"TEL.NAOMI.FLUX_AT4";"2023-10-21T03:35:20-03:00";9,813.332
"TEL.NAOMI.FLUX_AT4";"2023-10-21T03:35:50-03:00";9,910.705
"TEL.NAOMI.FLUX_AT4";"2023-10-21T03:36:20-03:00";9,888.193
"TEL.NAOMI.FLUX_AT4";"2023-10-21T03:36:50-03:00";9,949.126
"TEL.NAOMI.FLUX_AT4";"2023-10-21T03:37:20-03:00";9,942.715
"TEL.NAOMI.FLUX_AT4";"2023-10-21T03:39:20-03:00";2.223
"TEL.NAOMI.FLUX_AT4";"2023-10-21T03:39:50-03:00";2.262
"TEL.NAOMI.FLUX_AT4";"2023-10-21T03:40:20-03:00";2.327
"TEL.NAOMI.FLUX_AT4";"2023-10-21T03:42:50-03:00";2.195
"TEL.NAOMI.FLUX_AT4";"2023-10-21T03:43:20-03:00";2.422
"TEL.NAOMI.FLUX_AT4";"2023-10-21T03:43:50-03:00";2.36
"TEL.NAOMI.FLUX_AT4";"2023-10-21T03:44:20-03:00";2.471
"TEL.NAOMI.FLUX_AT4";"2023-10-21T03:44:50-03:00";2.391
"TEL.NAOMI.FLUX_AT4";"2023-10-21T03:45:20-03:00";2.304
"TEL.NAOMI.FLUX_AT4";"2023-10-21T03:45:50-03:00";2.287
"TEL.NAOMI.FLUX_AT4";"2023-10-21T03:46:20-03:00";2.315
"TEL.NAOMI.FLUX_AT4";"2023-10-21T03:46:50-03:00";2.38
"TEL.NAOMI.FLUX_AT4";"2023-10-21T03:47:20-03:00";2.293
"TEL.NAOMI.FLUX_AT4";"2023-10-21T03:47:50-03:00";2.396
"TEL.NAOMI.FLUX_AT4";"2023-10-21T03:48:20-03:00";2.436
"TEL.NAOMI.FLUX_AT4";"2023-10-21T03:48:50-03:00";2.415
"TEL.NAOMI.FLUX_AT4";"2023-10-21T03:49:20-03:00";2.407
"TEL.NAOMI.FLUX_AT4";"2023-10-21T03:49:50-03:00";2.409
"TEL.NAOMI.FLUX_AT4";"2023-10-21T03:50:20-03:00";2.385
"TEL.NAOMI.FLUX_AT4";"2023-10-21T03:50:50-03:00";2.383
"TEL.NAOMI.FLUX_AT4";"2023-10-21T03:51:20-03:00";2.501
"TEL.NAOMI.FLUX_AT4";"2023-10-21T03:51:50-03:00";2.305
"TEL.NAOMI.FLUX_AT4";"2023-10-21T03:52:20-03:00";2.325
"TEL.NAOMI.FLUX_AT4";"2023-10-21T03:52:50-03:00";2.422
"TEL.NAOMI.FLUX_AT4";"2023-10-21T03:53:20-03:00";2.365
"TEL.NAOMI.FLUX_AT4";"2023-10-21T03:53:50-03:00";2.357
"TEL.NAOMI.FLUX_AT4";"2023-10-21T03:54:20-03:00";2.428
"TEL.NAOMI.FLUX_AT4";"2023-10-21T03:54:50-03:00";2.342
"TEL.NAOMI.FLUX_AT4";"2023-10-21T03:55:20-03:00";2.32
"TEL.NAOMI.FLUX_AT4";"2023-10-21T03:55:50-03:00";2.191
"TEL.NAOMI.FLUX_AT4";"2023-10-21T03:56:20-03:00";2.251
"TEL.NAOMI.FLUX_AT4";"2023-10-21T03:56:50-03:00";2.342
"TEL.NAOMI.FLUX_AT4";"2023-10-21T03:57:20-03:00";2.382
"TEL.NAOMI.FLUX_AT4";"2023-10-21T03:57:50-03:00";2.353
"TEL.NAOMI.FLUX_AT4";"2023-10-21T03:58:20-03:00";2.131
"TEL.NAOMI.FLUX_AT4";"2023-10-21T03:58:50-03:00";2.3
"TEL.NAOMI.FLUX_AT4";"2023-10-21T03:59:20-03:00";2.275
"TEL.NAOMI.FLUX_AT4";"2023-10-21T03:59:50-03:00";2.236
"TEL.NAOMI.FLUX_AT4";"2023-10-21T04:00:20-03:00";2.445
"TEL.NAOMI.FLUX_AT4";"2023-10-21T04:01:50-03:00";241.779
"TEL.NAOMI.FLUX_AT4";"2023-10-21T04:02:20-03:00";197.373
"TEL.NAOMI.FLUX_AT4";"2023-10-21T04:02:50-03:00";219.772
"TEL.NAOMI.FLUX_AT4";"2023-10-21T04:05:20-03:00";215.779
"TEL.NAOMI.FLUX_AT4";"2023-10-21T04:05:50-03:00";216.463
"TEL.NAOMI.FLUX_AT4";"2023-10-21T04:06:20-03:00";217.148
"TEL.NAOMI.FLUX_AT4";"2023-10-21T04:06:50-03:00";216.726
"TEL.NAOMI.FLUX_AT4";"2023-10-21T04:07:20-03:00";211.946
"TEL.NAOMI.FLUX_AT4";"2023-10-21T04:07:50-03:00";215.617
"TEL.NAOMI.FLUX_AT4";"2023-10-21T04:08:20-03:00";220.619
"TEL.NAOMI.FLUX_AT4";"2023-10-21T04:08:50-03:00";217.275
"TEL.NAOMI.FLUX_AT4";"2023-10-21T04:09:20-03:00";216.851
"TEL.NAOMI.FLUX_AT4";"2023-10-21T04:09:50-03:00";217.854
"TEL.NAOMI.FLUX_AT4";"2023-10-21T04:10:20-03:00";216.197
"TEL.NAOMI.FLUX_AT4";"2023-10-21T04:10:50-03:00";214.531
"TEL.NAOMI.FLUX_AT4";"2023-10-21T04:11:20-03:00";209.708
"TEL.NAOMI.FLUX_AT4";"2023-10-21T04:11:50-03:00";204.07
"TEL.NAOMI.FLUX_AT4";"2023-10-21T04:12:20-03:00";213.017
"TEL.NAOMI.FLUX_AT4";"2023-10-21T04:14:50-03:00";207.72
"TEL.NAOMI.FLUX_AT4";"2023-10-21T04:15:20-03:00";213.054
"TEL.NAOMI.FLUX_AT4";"2023-10-21T04:15:50-03:00";211.326
"TEL.NAOMI.FLUX_AT4";"2023-10-21T04:16:20-03:00";211.781
"TEL.NAOMI.FLUX_AT4";"2023-10-21T04:16:50-03:00";199.161
"TEL.NAOMI.FLUX_AT4";"2023-10-21T04:17:20-03:00";209.104
"TEL.NAOMI.FLUX_AT4";"2023-10-21T04:17:50-03:00";212.626
"TEL.NAOMI.FLUX_AT4";"2023-10-21T04:18:20-03:00";211.581
"TEL.NAOMI.FLUX_AT4";"2023-10-21T04:18:50-03:00";203.577
"TEL.NAOMI.FLUX_AT4";"2023-10-21T04:19:20-03:00";208.934
"TEL.NAOMI.FLUX_AT4";"2023-10-21T04:19:50-03:00";215.166
"TEL.NAOMI.FLUX_AT4";"2023-10-21T04:20:20-03:00";215.815
"TEL.NAOMI.FLUX_AT4";"2023-10-21T04:20:50-03:00";216.749
"TEL.NAOMI.FLUX_AT4";"2023-10-21T04:21:20-03:00";212.243
"TEL.NAOMI.FLUX_AT4";"2023-10-21T04:21:50-03:00";214.897
"TEL.NAOMI.FLUX_AT4";"2023-10-21T04:22:20-03:00";214.575
"TEL.NAOMI.FLUX_AT4";"2023-10-21T04:22:50-03:00";217.543
"TEL.NAOMI.FLUX_AT4";"2023-10-21T04:23:20-03:00";213.022
"TEL.NAOMI.FLUX_AT4";"2023-10-21T04:23:50-03:00";208.691
"TEL.NAOMI.FLUX_AT4";"2023-10-21T04:24:20-03:00";213.005
"TEL.NAOMI.FLUX_AT4";"2023-10-21T04:24:50-03:00";212.706
"TEL.NAOMI.FLUX_AT4";"2023-10-21T04:25:20-03:00";211.577
"TEL.NAOMI.FLUX_AT4";"2023-10-21T04:25:50-03:00";211.224
"TEL.NAOMI.FLUX_AT4";"2023-10-21T04:26:20-03:00";200.106
"TEL.NAOMI.FLUX_AT4";"2023-10-21T04:26:50-03:00";199.195
"TEL.NAOMI.FLUX_AT4";"2023-10-21T04:27:20-03:00";214.088
"TEL.NAOMI.FLUX_AT4";"2023-10-21T04:27:50-03:00";212.19
"TEL.NAOMI.FLUX_AT4";"2023-10-21T04:28:20-03:00";216.641
"TEL.NAOMI.FLUX_AT4";"2023-10-21T04:28:50-03:00";211.571
"TEL.NAOMI.FLUX_AT4";"2023-10-21T04:29:20-03:00";210.963
"TEL.NAOMI.FLUX_AT4";"2023-10-21T04:29:50-03:00";209.491
"TEL.NAOMI.FLUX_AT4";"2023-10-21T04:30:20-03:00";200.645
"TEL.NAOMI.FLUX_AT4";"2023-10-21T04:30:50-03:00";210.733
"TEL.NAOMI.FLUX_AT4";"2023-10-21T04:31:20-03:00";209.147
"TEL.NAOMI.FLUX_AT4";"2023-10-21T04:31:50-03:00";210.799
"TEL.NAOMI.FLUX_AT4";"2023-10-21T04:32:20-03:00";204.17
"TEL.NAOMI.FLUX_AT4";"2023-10-21T04:32:50-03:00";208.952
"TEL.NAOMI.FLUX_AT4";"2023-10-21T04:33:20-03:00";207.318
"TEL.NAOMI.FLUX_AT4";"2023-10-21T04:33:50-03:00";205.029
"TEL.NAOMI.FLUX_AT4";"2023-10-21T04:34:20-03:00";199.541
"TEL.NAOMI.FLUX_AT4";"2023-10-21T04:34:50-03:00";205.061
"TEL.NAOMI.FLUX_AT4";"2023-10-21T04:35:20-03:00";205.815
"TEL.NAOMI.FLUX_AT4";"2023-10-21T04:35:50-03:00";210.74
"TEL.NAOMI.FLUX_AT4";"2023-10-21T04:36:20-03:00";208.324